rank,Video,Video views,Likes,Dislikes,Category,published
1,Lil Nas X - Old Town Road (Official Movie) ft. Billy Ray Cyrus,"54,071,677","3,497,955","78,799",Music,2019
2,"20 Tennis shots if they were not filmed, NOBODY would believe them","3,471,237","19,023",859,,2017
3,JoJo Siwa - Karma (Official Video),"34,206,747","293,563",,Music,2024
4,David Kushner - Daylight (Official Music Video),"18,558,390","680,732",,Music,2023
5,Wiz Khalifa - See You Again ft. Charlie Puth [Official Video] Furious 7 Soundtrack,"6,547,981,039","44,428,537",,Music,2015
6,JP Saxe - If the World Was Ending (Official Video) ft. Julia Michaels,"76,834,495","804,353","21,195",Music,2019
7,JENNIE - ZEN (RUBY ALBUM MARCH 7),"8,306,465","1,261,577",,Music,2025
8,"Polo G, Stunna 4 Vegas & NLE Choppa feat. Mike WiLL Made-It - Go Stupid (Official Video)","7,396,199","320,910","6,485",Music,2020
9,"Yovie Widianto, Lyodra, Tiara Andini, Ziva Magnolya - Menyesal","13,894,905","452,087",,Music,2023
10,JD Pantoja - 12•19 (Official Video),"7,010,732","1,027,392","34,185",Music,2020
11,Power Star Pawan Kalyan Special Surprise To Sensational Singer Baby|Filmy Poster,"96,686","1,007",82,Entertainment,2018
12,Rels B - LA LATINA (Videoclip Oficial),"5,851,411","155,543","3,504",Music,2019
13,"Luck Ra, Nicki Nicole - DOCTOR","8,286,096","149,421",,Music,2024
14,"Colapesce, Dimartino - Musica leggerissima (Official Video - Sanremo 2021)","6,953,838","116,350","2,059",Music,2021
15,Polo G - Flex (Official Audio) ft. Juice WRLD,"3,845,186","122,706","1,305",Music,2020
16,"Kevin AMF, Tiagz - Maradona (Tatara) (Video Oficial)","5,756,535","111,266",,Music,2024
17,LILHUDDY - America's Sweetheart (Official Music Video),"3,086,667","346,074","12,082",Music,2021
18,MILLION DOLLAR BABY,"11,894,076","226,375",,Music,2024
19,Every Moment With You (너와의 모든 지금),"7,958,181","54,903",,Music,2024
20,Jay Wheeler - Te La Dedico / For You (Official Video),"13,764,098","111,497",,Music,2023
21,KATSEYE - Touch (ft. YEONJUN of TOMORROW X TOGETHER),"2,279,833","168,798",,Music,2024
22,"Ghetto Kids, Kenia OS, Malo - Toketeo (Video Oficial)","1,677,733","211,037","7,579",Music,2021
23,Polo G - Be Something (Official Audio) ft. Lil Baby,"2,692,740","99,982","2,393",Music,2020
24,TEST γιανα δεις αν έχεις καλά ματιά,"699,382","8,436","1,756",People & Blogs,2017
25,"GabyMusic,AnuelAA,LuarLa,Lunay,Bryant Myers - No Te Quieren Conmigo(Remix)","5,461,432","159,823",,Music,2024
26,Olivia Rodrigo - drivers license (Official Video),"68,224,979","3,810,456","48,539",Music,2021
27,Libianca - People (Visualiser) ft. Becky G,"5,353,676","113,198",,Music,2023
28,Sofia Castro - Bien Por Ti (Official Video),"3,416,695","204,468",,Music,2022
29,Вкладчикам Югры в Центробанке не рады,"204,782","5,352",63,News & Politics,2017
30,Kodak Black - Hit Stick,"2,032,486","87,384",,Music,2024
31,Jay Wheeler - Xexo (Official Video),"5,038,848","93,112",,Music,2023
32,"6ix9ine - FEFE ft. Nicki Minaj, Murda Beatz","1,090,948,051","9,015,394",,People & Blogs,2018
33,Ice Spice - in ha mood (Official Video),"3,725,161","160,883",,Music,2023
34,JD Pantoja - 12•19 (Trailer),"2,144,710","317,352","8,155",Music,2020
35,PUN - DAY ONE,"4,669,546","95,387",,Music,2024
36,Beéle - Si Te Interesa (Official Video),"1,450,005","94,228","1,067",Music,2021
37,[Dandadan] Creepy Nuts - オトノケ(Otonoke) (Official Music Video),"13,933,735","441,696",,Music,2024
38,Mulatto - No Hook (Official Video),"2,138,136","123,687","1,793",Music,2020
39,"Asake, Central Cee - Wave (Official Video)","10,779,032","287,616",,Music,2024
40,Aitch - Safe To Say,"1,330,363","84,759","1,749",Music,2020
41,Destroy Lonely - Look Killa (Short Film) (Short Film),"1,194,149","89,811",,Music,2023
42,Cat mom hugs baby kitten,"59,857,489","347,772","8,212",Pets & Animals,2011
43,"Alex Ponce, BLANKO - La Sin Sentimientos (Official Video)","2,443,713","88,475",,Music,2024
44,Addison Rae - Aquamarine (Official Video),"2,641,333","135,303",,Music,2024
45,ALYPH - SWIPE (ft. Dato Seri Vida) Official Music Video,"4,645,815","93,750",,Music,2022
46,Natalie Jane - AVA (Lyric Video),"1,592,225","59,621",,Music,2022
47,紫 今 - 魔性の女A　Lyric Video,"1,581,463","61,186",,Music,2024
48,Bunny Girl,"2,126,674","81,236",,Music,2024
49,Morray - Trenches (Official Music Video),"1,352,140","58,129","1,051",Music,2021
50,Luke Hemmings - Starting Line (Official Video),"635,002","129,469",179,Music,2021
51,"UMI, V - wherever u r (ft. V of BTS) official lyric video","4,273,176","521,085",,Music,2023
52,"Si, Si Eres Tu","10,363,316","337,066",,Music,2023
53,7liwa - Rwicha (Official Music Video),"1,662,974","45,556",,Music,2024
54,Kim Petras & Nicki Minaj - Alone (Official Music Video),"12,935,167","279,649",,Music,2023
55,Eden Muñoz - ¿CÓMO TE FUE SIN MÍ?,"1,847,580","32,324",,Music,2024
56,"Camilo, Pedro Capó - Tutu (Official Video)","1,520,641","319,573","2,361",Music,2019
57,Trueno - REAL GANGSTA LOVE (Visualizer),"3,079,234","109,936",,Music,2024
58,Rhapsody of Sadness,"3,409,906","18,968",,Music,2023
59,Dani Ribba - Solo Una Vez (Official Video),"473,979","107,663",263,Music,2021
60,Roger Federer / Bill Gates vs John Isner / Mike McCready - Match for Africa 4 Highlights,"514,694","2,742",69,Sports,2017
61,"Pedro Capó, Farruko - Calma (Remix - Official Video)","2,964,195,014","13,755,637",,Music,2018
62,Chica Atractiva,"2,638,356","33,875",,Music,2025
63,SuperM - With You,"730,744","215,534",379,Music,2020
64,"Eladio Carrión - Quizás, Tal Vez (Live Session) | Vevo ctrl","4,196,300","56,077",,Music,2023
65,Lil Kee - What You Sayin ft. Lil Baby,"2,716,318","83,058",,Music,2022
66,Trueno - RAIN III (Visualizer),"2,157,197","129,977",,Music,2024
67,Brock Lesnar serves breakfast in ESPN cafeteria prank | ESPN Archives,"2,472,045","28,842","1,204",Sports,2017
68,Totti with a funny penalty,"8,353,318","5,613","1,082",Sports,2007
69,"ROA, De La Rose, Luar La L, Yan Block, Omar Courtz - ETA RMX","9,140,994","179,818",,Music,2024
70,JoJo Siwa - Guilty Pleasure (Official Music Video),"3,870,451","39,264",,Music,2024
71,"Rema, Shallipopi - BENIN BOYS","3,795,164","112,684",,Music,2024
72,Remember Me (기억해줘요 내 모든 날과 그때를),"5,272,487","20,088",,Music,2024
73,Можно я с тобой (can i come with you),"2,218,610","92,278",,Music,2024
74,Isadora Pompeo - Ovelhinha (Ao Vivo),"2,934,585","66,830",,Music,2024
75,新時代 (ウタ from ONE PIECE FILM RED),"4,321,634","156,105",,Music,2022
76,Massimo Pericolo - Moneylove (Visual Video) ft. Emis Killa,"3,824,053","36,936",,Music,2023
77,La nevedere,"2,960,493","22,343",,Music,2022
78,CHAINSAW BLOOD / Vaundy：MUSIC VIDEO,"5,767,744","98,070",,Music,2022
79,"ILLENIUM, Jon Bellion - Good Things Fall Apart (Lyric Video)","3,474,334","108,128","1,292",Music,2019
80,"Chencho Corleone, Peso Pluma - HUMO (Official Video)","8,915,202","199,564",,Music,2024
81,we were in love (2024) (... 사랑했잖아... (2024)),"3,630,534","22,217",,Music,2024
82,"Yovie Widianto, Ziva Magnolya - Menanti (Official Music Video)","3,264,026","58,596",,Music,2023
83,"Jay Wheeler, Anuel AA, Hades66 - Pacto (Remix) (Official Video) ft. Bryant Myers, Dei V","16,651,507","517,095",,Music,2023
84,Aslay feat. Harmonize - Follow Me (Official Music Video),"1,397,658","44,137",,Music,2022
85,Eden Muñoz - todo me vale madre,"1,144,941","30,525",,Music,2024
86,ROSONES,"1,143,334","27,036",,Music,2024
87,Chlöe - Have Mercy (Official Video),"1,329,956","192,472","2,173",Music,2021
88,Sofia Castro - Te Juro No Te Miento (Official Video),"2,581,581","135,813",,Music,2024
89,Chema Rivas - LA ROJA (CANCIÓN MUNDIAL) (Video Oficial),"726,826","39,271",,Music,2022
90,Lil Loaded ft. YG - “Gang Unit Remix” (Official Video),"1,736,200","127,492","1,363",Music,2020
91,Ice Spice & Nicki Minaj - Princess Diana (Official Music Video),"45,990,411","1,128,880",,Music,2023
92,"Jay Wheeler, Dei V, Hades66 - Pacto (Official Video) ft. Luar La L","20,502,045","180,683",,Music,2023
93,MAX - Blueberry Eyes (feat. SUGA of BTS) [Official Music Video],"3,266,571","920,096","5,819",Music,2020
94,Teresa & Maria,"11,757,639","160,328",,Music,2024
95,Fedez - Prima di ogni cosa (Official Video),"4,833,788","202,477","7,131",Music,2018
96,"SEVDALIZA - ALIBI | Live From Vevo Studios ft. PABLLO VITTAR, YSEULT","5,368,532","223,418",,Music,2024
97,Luck Ra - ROBAME UN BESO (Official Video),"1,891,707","41,102",,Music,2024
98,AIELLO - ORA (Official Video - Sanremo 2021),"1,132,390","23,083",887,Music,2021
99,JADE - Angel Of My Dreams (Official Video),"5,396,154","214,969",,Music,2024
100,Sauti Sol - Lil Mama (Official Audio),"1,642,529","27,426",,Music,2022
101,Static & Ben El - Bella,"3,305,681","10,461",626,Music,2021
102,"Sabe que os mlk é drake, não é bigode não","1,415,045","18,770",,Music,2024
103,Destroy Lonely - if looks could kill (Official Music Video),"830,566","58,361",,Music,2023
104,偽物偽物偽物偽物偽物偽物偽物偽物偽物偽物偽物偽物偽物偽物偽物偽物偽物偽物偽物偽物偽物偽物偽物偽物偽物偽物偽物偽物偽物偽物偽物偽物偽物偽物偽物偽物偽物偽物偽物偽物偽物偽物偽物偽物偽物偽物偽物偽物偽物偽物,"685,189","30,320",,Music,2024
105,Oxlade - KU LO SA (Official Video),"6,005,457","134,873",,Music,2022
106,Rauw Alejandro - Touching The Sky (Official Video),"3,139,901","109,406",,Music,2024
107,Ricchi E Poveri - Ma non tutta la vita (Official Video) | Sanremo 2024,"6,849,596","59,198",,Music,2024
108,Trueno - PULL UP! (Official Video),"1,434,999","86,484",,Music,2024
109,"Fasma, GG - Parlami (Official Video - Sanremo 2021)","757,718","25,704",243,Music,2021
110,"ILLENIUM, Jon Bellion - Good Things Fall Apart","10,358,663","169,009","3,138",,2019
111,Isadora Pompeo - Tetelestai (Ao Vivo) ft. Carol Tauber,"1,205,733","34,861",,Music,2024
112,ARIETE - MARE DI GUAI (Official Video - Sanremo 2023),"1,130,141","17,689",,Music,2023
113,Dennis Lloyd - Never Go Back (Official Video),"720,437","26,772",274,Music,2019
114,Insta Vs Reality 😲😍 #travel #unrealplaces #explore #nature,"73,165,517","2,967,591",,Travel & Events,2024
115,"Sir Nicholas Winton - BBC Programme ""That's Life"" aired in 1988","39,407,674","97,009",747,Education,2009
116,Bird learns how life works,"4,916,042","74,420",703,Gaming,2015
117,Kid at Minecon 2016 asks what we all wish we could answer,"1,669,272","23,510",502,People & Blogs,2016
118,Cazzu - Miedo,"2,761,300","289,010","7,719",Music,2020
119,"Gazo, Tiakola - CARTIER (Visualizer)","1,366,275","34,494",,Music,2023
120,UWAIE,"8,114,376","122,955",,Music,2024
121,Trueno - REAL GANGSTA LOVE (Official Video),"15,985,735","263,086",,Music,2024
122,Jim Carrey THE FUNNIEST video,"8,322,488","6,216","11,521",Comedy,2007
123,Fedez - PRIMA DI OGNI COSA (Teaser),"885,149","29,689","2,992",Music,2018
124,"Lil Nas X, Cardi B - Rodeo (Official Audio)","1,783,881","254,185","8,177",Music,2019
125,Conan Gray - The Story,"252,272","72,135",195,Music,2020
126,Doug Fernandez gives up,"2,002,491","19,461",185,People & Blogs,2017
127,Ysrael Barajas - GPI 2 (Video Oficial),"983,919","20,719",,Music,2024
128,"Gazo, Tiakola - NOTRE DAME (Visualizer)","1,551,825","27,064",,Music,2023
129,Traditional Malaysian blowpipe maker shows how he takes down his prey in the wild,"3,510,345","32,449",248,Film & Animation,2017
130,Aslay - Inauma (Official Music Video),"1,606,569","34,829",,Music,2023
131,We asked you... What do you Chooze ?,"1,018,713","2,413",12,Autos & Vehicles,2017
132,Drawing the pillar of life🥶🗿#trollface #trollfaceedit #troll,"133,062,446","3,173,002",,People & Blogs,2025
133,Gazo - 100K (Visualizer),"1,167,599","32,821",,Music,2023
134,ALFA - Vai! (Official Video - Sanremo 2024),"5,192,650","49,065",,Music,2024
135,Classy 101,"11,170,714","157,703",,Music,2023
136,Tenacious D - Explosivo,"2,754,518","10,186",204,Entertainment,2006
137,"ROSALÍA, J Balvin - Con Altura (Official Video) ft. El Guincho","2,209,874,850","9,768,545",,Music,2019
138,"J.P., NLE Choppa - Bad Bitty (Remix) [Official Music Video]","987,265","46,378",,Music,2024
139,Tyla Yaweh - I Think I Luv Her (Lyric Video) ft. YG,"2,124,429","19,110","1,256",Music,2019
140,PUN - BF (feat. URBOYTJ),"1,588,998","39,090",,Music,2024
141,Old man is having fun under metallica,"2,566,313","25,274",399,Entertainment,2017
142,DIE 4 YOU,"5,766,751","65,566",,Music,2023
143,Rocket Blast Off #messingaround #flying #fun #brothers #playing #hangtime,"156,690,686","1,868,300",,Sports,2024
144,너라는 별,"4,406,467","18,295",,Music,2024
145,Eladio Carrión - Cuevita (Live Session) | Vevo ctrl,"2,246,356","26,765",,Music,2023
146,Say My Name,"1,845,505","18,095",,Music,2023
147,ETA (RMX),"1,036,672","33,644",,Music,2024
148,Big Homiie G - Who Got It (Official Video) ft. Finesse2Tymes,"865,867","24,156",,Music,2022
149,"GloRilla, Cardi B - Tomorrow 2 (Official Music Video)","31,909,765","638,566",,Music,2022
150,"Asake, Travis Scott - Active (Official Video)","6,232,792","184,120",,Music,2024
151,Eden Muñoz - Traigo Saldo y Ganas de Rogar,"1,077,182","18,109",,Music,2024
152,DAY - Na Sua Mão,"311,930","35,208",325,Music,2019
153,Laf 2.0,"1,068,698","11,495",,Music,2024
154,So adorable! 💕 #cute #animal #rocks #baby,"105,921,315","1,482,485",,Entertainment,2025
155,Grandma Dottie's Prom Dress Surprise,"8,414,676","2,442",103,People & Blogs,2012
156,Фортеця Бахмут,"700,921","20,921",,Music,2023
157,Not a mechanical baby,"14,612,153","3,339",156,Entertainment,2011
158,Prohibidox,"7,149,556","109,633",,Music,2022
159,Mark Tuan - lonely (rock version) [Official Video],"250,551","47,398",,Music,2022
160,Shaboozey - A Bar Song (Tipsy) [Official Visualizer],"4,941,173","121,986",,Music,2024
161,Nikita Kering' - On Yah (Intro),"726,705","32,777",,Music,2022
162,Coma_Cose - L'ADDIO (Official Video - Sanremo 2023),"3,672,887","41,513",,Music,2023
163,Nanpa Básico - Cuando Vienes (Official Video),"686,747","24,507",,Music,2024
164,Doechii - DENIAL IS A RIVER (Official Video),"9,950,373","770,587",,Music,2025
165,Destroy Lonely - how u feel? (Official Music Video),"845,139","46,444",,Music,2023
166,‎Good Night Good Dream (좋은 밤 좋은 꿈),"1,776,477","9,118",,Music,2024
167,don't leave me (거짓말처럼),"1,787,169","13,937",,Music,2024
168,Bi Polar (SAYGI1),"885,313","12,792",,Music,2024
169,Im sorry?,"3,670,491","30,180",171,People & Blogs,2017
170,44 Magnum Las Vegas,"2,345,415","7,883",259,People & Blogs,2010
171,Parks and Rec Come back joke,"2,482,309","20,964",224,Comedy,2012
172,ECKO - ICE (Official Video),"2,229,501","149,653","10,701",Music,2018
173,Marshmello x Jonas Brothers - Leave Before You Love Me (Official Music Video),"344,124","62,256",559,Music,2021
174,David Beckham crazy pass (cross),"17,275,250","32,362",752,Sports,2008
175,Можно я с тобой,"1,356,781","37,200",,Music,2024
176,No_se_ve.mp3,"3,085,869","45,677",,Music,2023
177,"Silverado 500,000 mile celebration","836,184","11,538",283,People & Blogs,2017
178,Morray - Can’t Use Me (Official Music Video),"345,086","26,022",289,Music,2021
179,FMK - Parte de Mi (Official Video) ft. Lit Killah,"303,497","71,457",517,Music,2019
180,Me And The Devil (SLOWED + ECO),"1,593,787","18,204",,Music,2025
181,"Begun, the Duck War has","3,586,169","51,443",300,Entertainment,2017
182,Meet Will,"3,121,597","40,432",313,Comedy,2018
183,Роман Курцын рассказывают всю правду о фильме «Крым»,"836,941","23,924","23,364",People & Blogs,2017
184,Helena - Summer Body (Clip Officiel),"921,210","43,854",,Music,2024
185,Maximus by Kerbedanz - the biggest known tourbillon for wristwatch,"1,263,651","10,376",126,People & Blogs,2017
186,girl in red - Too Much (Official Video),"268,038","31,023",,Music,2024
187,Artifact new game announcement from Valve crowd reaction,"1,301,165","17,084","1,900",Music,2017
188,Rels B - ORGULLO (Videoclip Oficial),"340,606","72,349",815,Music,2019
189,Brenda Lee - Rockin' Around The Christmas Tree (Official Music Video),"2,605,084","55,604",,Music,2023
190,Mephisto,"832,845","21,237",,Music,2023
191,¡Que Te Pasa!,"1,668,686","24,060",,Music,2024
192,Clumsy Dog,"3,432,791","24,140",254,Gaming,2017
193,A disabled duckling helps his cat friend 🐥 #DuckRescue #CuteAnimals #AnimalRescue,"114,441,704","3,749,872",,Entertainment,2024
194,tommy wiseau can't understand millennials,"3,320,857","28,326",198,Comedy,2017
195,"Tainy, J Balvin - Agua (Music From ""Sponge On The Run"" Movie/Official Lyrics)","1,936,929","186,235","6,564",Music,2020
196,Yo Vengo De La Nada,"592,930","13,705",,Music,2024
197,Tiryakinim,"6,332,540","64,248",,Music,2024
198,El Connecto,"3,583,270","41,735",485,People & Blogs,2018
199,ORIGAMI ALL'ALBA - CLARA,"2,030,824","26,233",,Music,2023
200,Fo fo fo fo fristajlo!,"2,894,700","6,108",152,Comedy,2007
201,"""Drake"" on the Tube...","2,683,856","7,414",457,Comedy,2012
202,Minimum ça,"680,629","11,809",,Music,2024
203,Flying nut high five,"7,852,043","62,744",748,People & Blogs,2014
204,Tems - Crazy Tings (Official Video),"2,496,817","91,980",979,Music,2021
205,"Raisa, Ahmad Dhani - Biar Menjadi Kenangan (Official Lyric Video)","1,891,769","33,390",,Music,2023
206,Tiryakinim,"8,170,818","45,890",,Music,2024
207,😂😂😂😂😂😂 I challenge you to a duel,"33,774,303","2,210,308",,Music,2024
208,Hitana,"1,614,632","9,651",,Music,2023
209,My dad flew into town to surprise his parents.,"888,893","8,190",113,People & Blogs,2016
210,DaBaby - ROCKSTAR (Live From The BET Awards/2020) ft. Roddy Ricch,"1,937,851","212,963","3,907",Music,2020
211,Best Heavyweight Knockouts of All Time,"5,250,458","5,891",509,Sports,2007
212,Sobran Motivos,"1,574,149","13,731",,Music,2024
213,Roblox Hack (NEW) - How to Get Free Robux - Robux Glitch (Get Free Items),"546,583","14,662",454,Gaming,2017
214,Kep1er 케플러 | 'I do! Do you?' M/V,"6,448,957","284,632",,Music,2023
215,"Beéle, Myke Towers, Feid - Barranquilla Bajo Cero (Official Video)","8,254,128","198,513",,Music,2022
216,Bıraktığın Gibi Burdayım,"1,291,926","10,366",,Music,2024
217,My Diablo 3 Inferno Tactic,"2,362,860","22,368",787,Gaming,2012
218,Wedding first dance w/ surprise Jack Johnson Michael Jackson,"16,485,606","15,813","1,360",Comedy,2007
219,"Chu,Tayousei.","739,527","17,094",,Music,2022
220,Starcraft 2 Gameplay footage and unit preview,"7,529,927","6,075",772,Entertainment,2007
221,Massimo Pericolo - Non Parlarmi (Outro) (Official Video),"586,388","33,599",,Music,2023
222,Isadora Pompeo - Aliança (Ao Vivo),"1,535,732","30,924",,Music,2024
223,Raisa - Bertahan / Pergi,"922,070","30,510",,Music,2022
224,WYA REMIX BLACK AND YELLOW (feat. iZaak & Pirlo),"4,281,153","119,578",,Music,2024
225,Dog reacts to return of Nathan after two year Mormon mission,"6,040,429","5,972",194,Pets & Animals,2015
226,"Dacă n-ai bani (feat. Beach, Please!)","1,015,509","9,689",,Music,2022
227,Aslay - Mozzah (Official Music Video),"513,530","21,071",,Music,2022
228,Jagwar Twin - Bad Feeling (Oompa Loompa) (Visualizer),"3,050,307","91,826",,Music,2023
229,14 de Febrero,"3,119,940","328,395",,Music,2023
230,Panchlait - Teaser 2 | Prem Modi | Funtime Entertainment,"885,706","5,835",217,Film & Animation,2017
231,Mila Kunis Tells Off A Reporter In Fluent Russian,"3,324,459","23,701",834,Entertainment,2012
232,When You play dodgeball with a Softball player. licensing@rumble.com,"2,134,991","12,128",299,Comedy,2017
233,Super platano brothers,"1,595,388","14,720",344,Comedy,2017
234,Amapola,"952,452","18,255",,Music,2024
235,Negramaro - Ricominciamo tutto (Sanremo 2024),"1,095,011","14,122",,Music,2024
236,Brother just sent me this,"622,782","8,883",348,Entertainment,2017
237,Chiara Oliver - 3 de febrero (video oficial),"505,626","35,212",,Music,2024
238,WII,"1,634,684","8,333",338,Entertainment,2006
239,These Little Moments 🥹🤍 #toddler #siblings #cute,"69,659,013","1,117,902",,Howto & Style,2024
240,Doechii - What It Is (Block Boy) feat. Kodak Black [Official Video],"3,851,533","106,085",,Music,2023
241,two fake umps.MOV,"1,338,441","3,712",135,Sports,2010
242,Roblox Hack - Robux Hacks - Roblox Secret Exploit (Android/without jailbreak),"414,973","29,256",341,Gaming,2017
243,The ABSOLUTE BEST Fabric Tile Design You Won't Believe,"57,223,159","1,014,976",,People & Blogs,2025
244,My Love,"583,139","10,498",,Music,2024
245,Trueno - PLO PLO! (Visualizer),"354,072","38,418",,Music,2024
246,Suzuki Hayabusa with Turbo Vmax 390kmh,"20,146,924","11,010","1,095",Autos & Vehicles,2006
247,pevecov popek poje na sexy back,"37,460,296","4,533","10,949",Comedy,2007
248,You can't even text and walk,"1,154,376","10,616",496,People & Blogs,2017
249,Anas feat. Soolking - Sur Pp (Clip officiel),"8,075,765","127,110",,Music,2023
250,Lil Tjay - Hold On (Official Audio),"316,785","42,854",211,Music,2019
251,How to surprise a horse,"1,625,194","7,357",352,Comedy,2016
252,Superman Disguise,"1,388,327","6,100",97,People & Blogs,2010
253,Player 456 And His Team Survive Another Game I Squid Game Edit I #shorts,"43,383,619","1,552,099",,Film & Animation,2025
254,J.I. - Everything [Official Music Video],"389,208","33,622",219,Music,2021
255,burp helium (so funny),"12,552,948","81,470","2,073",People & Blogs,2014
256,McDonald's drive thru,"726,293","9,536",207,People & Blogs,2016
257,Mulatto - Muwop (Official Video) ft. Gucci Mane,"1,048,126","64,451","2,519",Music,2020
258,Bryan Behr - De Todos Os Amores,"684,366","12,586",35,,2020
259,"Aczino, Gera MX - Orígenes Vivos (Video Oficial)","1,082,313","81,502",,Music,2023
260,İNTİHAR,"869,318","9,477",,Music,2024
261,camera shutter speed matches helicopter`s rotor,"3,682,223","53,493",581,People & Blogs,2017
262,Gavin Magnus - Hearts on a Pendant (Official Video),"1,170,069","80,768","2,719",Music,2020
263,Los Presidentes,"712,072","8,473",,Music,2024
264,Headie One - Princess Cuts (Official Video) ft. Young T & Bugsey,"429,900","29,311",225,Music,2020
265,三代目 J SOUL BROTHERS from EXILE TRIBE / Rat-tat-tat (Music Video),"1,538,191","57,477","1,246",People & Blogs,2020
266,고래 Dive Into You,"852,020","143,052",276,Music,2021
267,"Andy Rivera, Totoy El Frio - No Es la Misma (Video Oficial)","298,089","24,333",277,Music,2021
268,Bıraktığın Gibi Burdayım,"1,889,571","13,340",,Music,2024
269,VV - Neon Noir,"447,123","21,012",,Music,2023
270,"Ysrael Barajas, Miranda León - Ropa de Bazar (Letra/Lyrics)","303,440","16,638",,Music,2024
271,Silent Monks Singing Halleluia,"21,061,223","50,817","1,336",Comedy,2008
272,"Oxlade, Camila Cabello - KU LO SA (Official Video)","4,750,630","141,891",,Music,2022
273,Seen,"1,212,699","8,362",,Music,2023
274,EVLİ MUTLU CISTAK,"1,024,855","5,714",,Music,2024
275,Maradonna Gods Hand,"3,777,997","2,300",854,Sports,2007
276,ディア♡マイフレンド feat. ちゅーたん（CV：早見沙織）／HoneyWorks,"1,619,449","56,482",,Music,2023
277,"Kevin AMF, Omar Landell - Blair (Video Oficial)","2,762,811","51,542",,Music,2024
278,Eden Muñoz - NTP,"553,461","14,462",,Music,2024
279,0 Sharpness knife test?💀,"113,886,130","4,702,361",,People & Blogs,2024
280,Exchange gift with my girls 🫶🫂,"49,970,474","1,810,818",,People & Blogs,2025
281,Если мент....,"10,748,286","7,504","4,116",Music,2010
282,Guy orders bong. Package arrives and its an Xbox remote.,"1,486,888","20,547",933,People & Blogs,2018
283,Tu Boda 2,"1,501,104","41,056",,Music,2024
284,Naruto german opening,"2,082,329","27,628","1,967",Entertainment,2007
285,Real Boston Richey - Help Me (Official Music Video),"783,263","17,671",,Music,2024
286,Alkpote - Patek (Clip officiel) ft. Kalash Criminel,"271,206","16,776",322,Music,2019
287,The Big Fat Quiz Of The 90s   Mr Blobby,"951,835","7,347",121,People & Blogs,2014
288,Хоккей в фуре - вызов принят!,"1,556,347","2,726","1,433",Sports,2017
289,Ready? Ready.,"1,486,824","4,805",143,People & Blogs,2016
290,Dog meets baby kitten,"5,856,946","2,705",83,People & Blogs,2014
291,Party Boy Corey Worthington and his Famous Sunglasses,"896,419","7,060",152,News & Politics,2008
292,Lil Nas X - Panini (Official Audio),"699,364","162,807","4,419",Music,2019
293,"Ben&Ben - Dear | Official Lyric Video | Recorded Live in Firdaus Studio, Dubai","790,924","32,192",,Music,2022
294,HURTZ,"1,140,569","23,225",,Music,2023
295,Tengo Un Plan (Remix),"2,381,406","41,572",,Music,2024
296,Обиратиму себе,"637,180","18,265",,Music,2024
297,Garam Dan Madu,"1,051,681","18,600",,Music,2024
298,EDWIN SARKISSIAN BLOWS STUFF UP (REAL OR FAKE?COMMENT BELOW!)                #shorts #funny #comedy,"27,460,495","1,785,958",,Gaming,2024
299,"Olly, Angelina Mango, JVLI - Per due come noi (Official Video)","3,822,060","38,443",,Music,2024
300,İhtimallerde Yoksan,"2,028,211","10,812",,Music,2024
301,c`e solo l inter... a farci ridere,"2,136,208","3,379","1,966",Sports,2007
302,"Jeopardy ""Who Is The Spiciest Memelord"" ORIGINAL","1,434,589","25,484",432,People & Blogs,2017
303,Танк Армата,"3,954,302","4,636","1,033",,2015
304,"Pop Smoke - For The Night (Audio) ft. Lil Baby, DaBaby","2,031,584","129,397","1,329",Music,2020
305,"42 Dugg, Roddy Ricch - 4 Da Gang (Official Music Video)","466,902","31,895",658,Music,2021
306,Zooming in the 90s fixed,"3,490,548","59,814",296,People & Blogs,2018
307,German Shepherd scared of Stuffed Toy Tiger. Very Funny! (ORIGINAL VIDEO & VERSION)),"5,352,751","6,997",171,People & Blogs,2015
308,"This is a dollar, not a card","1,144,211","6,389",132,People & Blogs,2017
309,Ayra Starr - Rush,"17,367,547","272,550",,People & Blogs,2022
310,Селфхарм,"3,382,541","114,279",,Music,2024
311,Tyla Yaweh - Stuntin' On You (Official Music Video) ft. DaBaby,"2,284,537","86,991","1,164",Music,2020
312,Isadora Pompeo - Azeite (Ao Vivo),"741,351","18,469",,Music,2024
313,SHARK ATTACK - Don't touch the glass !!,"2,058,082","7,435","1,067",People & Blogs,2014
314,Orangutan loves baby bump,"5,989,058","4,282",282,Music,2016
315,Happy Birthday Cody,"734,558","7,194",191,Entertainment,2011
316,Arjan Vailly,"5,460,189","64,375",,Music,2023
317,Struggling with a new Phone,"1,451,235","16,223",634,Entertainment,2017
318,Darell - Lollipop (Official Video),"47,154,379","381,348",,Music,2023
319,A Needed Response,"11,622,727","39,804","1,872",,2013
320,Police take advantage of a Drunk Girl,"36,311,875","24,016","4,340",News & Politics,2008
321,Halle - In Your Hands (Official Video),"3,395,853","257,865",,Music,2024
322,Shopping at Walmart GONE WRONG,"21,204,579","2,190,931",,People & Blogs,2024
323,perfekte welle,"2,337,888","4,430",174,,2005
324,Вигадав,"540,094","10,695",,Music,2024
325,Geraldine Loves Star Wars,"4,291,444","86,656",984,Entertainment,2016
326,2017 04 12 Przejscie,"1,098,005","7,520",422,People & Blogs,2017
327,"Jay Wheeler, Mora - Textos Fríos (Video Oficial)","13,418,225","213,474",,Music,2024
328,Идея  фотосессии для новорождённого,"53,051,362","1,156,874",,People & Blogs,2024
329,Imagine,"1,852,377","42,090",,Music,2024
330,Maddie Waiting for the Beat to Drop,"9,868,674","68,446","2,692",People & Blogs,2017
331,Rels B - SI NO TE VEO (Audio),"398,259","46,530",291,Music,2019
332,Blümchen (Blossom) - Herz an Herz,"2,257,460","3,800",199,Music,2006
333,Ice Spice - Deli,"23,262,740","512,173",,Music,2023
334,Amazing talent in painting,"66,925,468","1,437,116",,People & Blogs,2024
335,можно,"368,754","13,587",,Music,2024
336,Malty 2BZ - Black Side (Clip Officiel),"288,010","13,130",,People & Blogs,2022
337,Finally united again! Shot on ​⁠@insta360 X4 pilot below ​⁠@egorposokhin9187 #nike #justdoit,"43,054,306","1,001,515",,Sports,2024
338,"Dani Ribba, Tiago PZK - Cuando Me Ves (Official Video)","996,589","171,095",773,Music,2021
339,Girl In Car Flashes Her Bra & Then Crashes Into A Truck!,"9,884,005","7,891","2,334",People & Blogs,2009
340,#enchantedkingdom #wackywizard #winner #philippines,"54,645,951","2,849,748",,Entertainment,2024
341,WTC in a perfect world,"3,476,635","5,982","2,129",Film & Animation,2007
342,Птиц засасывает вместе с зерном на хлебозаводе,"3,120,409","21,206","2,663",People & Blogs,2016
343,westerland,"5,289,591","8,542",269,,2006
344,Funny Foul Shot Blooper,"2,540,079","3,507",93,Sports,2011
345,Cupid (Twin Ver.),"13,169,224","255,470",,Music,2023
346,Nuovaluce Beauty Acne Device Kickstarter Video FDA Cleared www.nuovalucebeauty.com,"498,941","4,783",182,People & Blogs,2017
347,"Darell - ""Caliente"" Live Performance | Vevo","240,125","15,630",143,Music,2019
348,Apple Engineer Talks About New 2016 Macbook Pro,"2,501,055","36,876",729,Science & Technology,2016
349,When your Amish town is frozen,"512,991","4,645",135,People & Blogs,2018
350,Phoenix - Lisztomania - Boston University Brat Pack Mashup,"3,824,693","15,236",858,,2010
351,Parks and Recreation called it back in 2015. Cubs World Series 2016!,"205,257","1,557",113,Travel & Events,2016
352,Dog scared by fart,"5,938,416","3,883",129,Comedy,2015
353,Official髭男dism - Subtitle [Official Video],"22,449,034","240,778",,Music,2022
354,#Despacito with snoring - Despacito con ronquidos,"2,812,994","18,051",762,People & Blogs,2017
355,XQ Te Pones Así,"3,603,275","73,533",,Music,2022
356,Squid Game - Round and Round Mingle (Marimba Ringtone),"2,926,254","49,820",,Music,2024
357,Bro turned his pet bird into a boomerang #funny #shortsfeed #fypシ゚ #foryoushorts #foryoupageシ,"25,212,564","1,555,534",,People & Blogs,2024
358,Rema - HEHEHE (Official Music Video),"2,185,009","47,843",,Music,2024
359,Skylar Blatt - Wake Up (Official Video) ft. Chris Brown,"1,294,645","71,774",,Music,2024
360,Into You (네가 내 마음에 자리 잡았다 (Into You)),"2,594,431","22,542",,Music,2024
361,Amigos y Enemigos Almighty,"1,099,456","8,224",,Music,2024
362,Funniest Arrest Ever 🤣🤣,"27,078,354","1,754,973",,People & Blogs,2024
363,Lee Sin's great escape [Fixed!],"1,610,253","9,278",152,Gaming,2012
364,Could you do it faster?,"112,237,591","3,470,844",,Sports,2024
365,"Rels B, Morad - NO TE IMAGINAS","2,930,422","124,350","2,668",,2020
366,Let’s make more room! #fivestarchevrolet #electricvehicle #electrictruck #silveradoev #electriccar,"63,920,647","2,301,216",,People & Blogs,2024
367,iDubbbzTV Ganks His Streamer Girlfriend,"2,640,646","44,917","1,219",People & Blogs,2017
368,그래서 그대는,"1,830,212","7,770",,Music,2024
369,Sarunas Jasikevicius talks about kids,"1,935,028","19,991",266,Sports,2017
370,Part 1 #sultan love ❤️,"32,679,182","1,455,316",,People & Blogs,2023
371,Whitetail Yearling Hung Up In Fence!!! #deer #fence,"77,810,117","1,343,960",,People & Blogs,2023
372,#joerogan #jre #cooking #steak,"1,709,040","64,601",,,2023
373,Guasto D'Amore,"872,248","18,162",,Music,2023
374,Когда твой худший враг - это ковер,"2,051,016","18,663","1,807",People & Blogs,2017
375,"Darell, Brytiago - Velitas (Official Video)","283,361","50,452",371,Music,2019
376,Lloyiso - What I Would Say (Audio),"567,552","21,821",,Music,2022
377,PUNTO G,"1,263,909","19,125",,Music,2023
378,Don't put accelerants on bonfires,"831,666","8,625",449,People & Blogs,2017
379,Of Monsters And Men - Love Love Love,"3,474,904","16,311",170,Music,2010
380,"Moncho Chavea, Oscar El Ruso, Samueliyo Baby, Samuel G - PAM PAM","1,590,709","13,425",,Music,2024
381,Obsessed,"665,288","16,489",,Music,2024
382,"Jhay Cortez, J. Balvin, Bad Bunny - No Me Conoce (Remix)","2,356,628,623","6,622,023",,Music,2019
383,HOW TO GET IT - HYPNOTIQ FT. LIL WAYNE (PRODUCED BY SOUNDMASTER T),"3,040,398","8,936",17,Music,2016
384,Tom Cruise Scientology Video - ( Original UNCUT ),"14,240,339","91,156","18,041",Entertainment,2008
385,RickRoll'D,"78,178,105","318,037","44,953",Music,2007
386,Did TRUMP quote Bane from Batman?,"1,515,396","23,125","2,080",Sports,2017
387,"Gerald Daugherty Campaign: ""Please Re-Elect Gerald...Please!""","3,923,892","6,783",103,People & Blogs,2016
388,La ce te gândești,"875,147","11,957",,Music,2023
389,SuperM - One (Monster & Infinity) (Live From The Ellen DeGeneres Show / 2020),"515,423","138,534",459,Music,2020
390,Rally driver's killer reflexes,"7,261,710","15,509",685,Sports,2011
391,"Spinal Tap - ""These go to eleven....""","1,880,022","10,651",160,Comedy,2011
392,If you watch this 100 times you'll still laugh !,"45,597,951","97,649","27,835",Comedy,2008
393,Nice Fight - Cops vs Drug Dealer,"17,166,129","12,980","3,713",Entertainment,2008
394,Leopard tank`s powerful brake  #trending #brake  #edit #tank #panzar #viralvideo #shorts,"24,984,219","1,209,144",,Autos & Vehicles,2025
395,How to Survive Hurricane Irma,"1,463,561","42,458",240,Pets & Animals,2017
396,The Grooms daughter leave him a message before her and her mummy walk down the aisle!,"32,084,269","1,966,045",,People & Blogs,2025
397,Otonoke,"4,056,060","141,806",,Music,2024
398,Buffet,"2,751,775","5,401",342,Comedy,2016
399,Fresh Prince - If we so rich....,"3,974,115","67,527",617,Comedy,2010
400,КИЕВСТОУНЕР С ДЕВОЧКАМИ НА ОСТРОВЕ!!!,"1,071,363","10,487","1,446",People & Blogs,2018
401,Top 20. Soundtracks Of All Times!,"3,590,248","2,836","2,542",Music,2007
402,#movie #paddington #shorts The food has improved!,"21,849,049","1,660,511",,People & Blogs,2024
403,Tom Holland performs Rihanna's Umbrella,"387,821","6,496",100,Comedy,2017
404,Ben Kalbimin Orta Yerine Seni Yazdım,"765,423","4,561",,Music,2024
405,Вратарь «Трактора» станцевал на матче в поддержку Чемпионата России по Фигурному Катанию,"1,071,135","19,613",634,People & Blogs,2016
406,ARTH 2 Theatrical Trailer | Arth The Destination Official Trailer 2017,"1,342,169","8,347",14,Entertainment,2017
407,Fox News idiocy.,"1,227,176","5,383",457,News & Politics,2017
408,Customer Fail!,"4,525,935","8,052","2,288",People & Blogs,2016
409,This is what sauna sessions are ACTUALLY like. #workout #funny #comedy #training #fitness #sauna,"21,305,425","1,333,855",,Sports,2024
410,Ministry of Silly Walks,"9,558,072","39,783","1,251",Comedy,2006
411,Girl blown by a plane,"12,255,456","7,725",745,Travel & Events,2012
412,Man kicks dog see how karma takes over,"1,352,770","19,291","2,041",Pets & Animals,2017
413,"Pop Smoke - The Woo (Audio) ft. 50 Cent, Roddy Ricch","1,614,596","107,447",878,Music,2020
414,"I carved the goddess Tomie into a small seal, I wonder if Junji Ito would like it #seal carving #han","37,171,532","2,371,909",,People & Blogs,2024
415,He Passed! 😂😂 #hub #goodkid #drums,"21,064,755","1,671,791",,People & Blogs,2024
416,porch hands,"788,325","1,899",82,Film & Animation,2016
417,Polar bear petting dog,"8,058,364","24,707","1,821",Entertainment,2016
418,Cats Welcoming Home Soldiers (parody video),"2,126,930","1,984",259,Comedy,2014
419,Headie One - Parlez-Vous Anglais (Official Video) ft. Aitch,"321,442","22,017",287,Music,2020
420,I was in a wedding and smashed my face,"1,596,447","6,001",176,People & Blogs,2017
421,The emergency rescue dog is so awesome...cutepet,"144,116,053","1,759,120",,People & Blogs,2024
422,UFO-Doctor Doctor,"1,142,679","4,305",55,Music,2008
423,UP (KARINA Solo),"22,356,411","285,608",,Music,2024
424,Dave Chappelle on Martin Lawrence and Hollywood Culture,"1,135,513","6,993",85,People & Blogs,2014
425,How to escape the cops,"2,758,615","41,548",420,Autos & Vehicles,2017
426,Ovechkin fight vs Columbus,"908,626","4,112",376,Entertainment,2017
427,"Yes or No (Feat. 허윤진 of LE SSERAFIM, Crush) (Yes or No (Feat. 허윤진 of LE SSERAFIM,...","10,642,441","69,340",,Music,2024
428,How to Prevent Your Little One's Little Shenanigans 😂👶,"54,076,224","951,512",,Howto & Style,2025
429,Fat Bike caught on an Electric Fence!,"3,580,228","13,803",406,People & Blogs,2017
430,ProtoType gameplay,"3,128,367","4,724",605,Entertainment,2008
431,"Bandokay, LD - Too Many Lies (Official Video)","617,358","25,126",,People & Blogs,2022
432,George Michael's Unfailing Internal Clock,"2,171,746","46,483","1,237",Entertainment,2013
433,"Familiada - Imię męskie na literę O. (Oliwier, Oliwia)","969,271","4,668",204,People & Blogs,2017
434,внезапно,"962,437","2,280",257,People & Blogs,2017
435,Playa Del Inglés,"600,424","25,977",,Music,2022
436,Medy feat. Capo Plaza - Arai (Visualizer),"1,375,195","25,007",,Music,2023
437,Encuentra POP Queso Cheddar.,"21,786,732","7,102",,,2023
438,Good old days,"1,249,801","10,317",145,Gaming,2016
439,"Isabela Merced, Danna Paola - Don't Go (Official Music Video)","646,472","73,160","1,189",Music,2020
440,Chroma Key test,"7,527,125","41,698","1,547",Entertainment,2010
441,КРЫМ (Трейлер для Украины),"698,153","10,504","13,998",People & Blogs,2017
442,Real Gunfighter Lance Thomas on Justic Files,"1,063,456","6,840",0,News & Politics,2009
443,Tak Ingin Usai,"814,482","6,594",,Music,2023
444,Rainbow 책갈피,"653,111","99,003",174,Music,2021
445,2024年5月18日,"40,866,372","663,059",,People & Blogs,2024
446,Out of Context Joffrey Baratheon,"950,307","24,429",358,Gaming,2015
447,I can feel it down in my plums....,"1,576,942","4,498",153,Comedy,2009
448,Big Fish - trailer,"2,126,010","3,046",119,Entertainment,2006
449,метеорит Хакасия 06 12 2016,"1,344,770","8,338",351,Autos & Vehicles,2016
450,Goat baby died.. 🐐 #wildlife #halloween #funny #comedy #cutebaby #birds #baby,"44,519,481","917,226",,Autos & Vehicles,2023
451,"Flau'jae, Lil Wayne - Came Out A Beast (Official Music Video)","1,677,409","48,173",,Music,2024
452,Music Marketing & Promotion. Dominate Digital Mediums  [LaxPromotion.com],"139,374","8,370",16,Film & Animation,2016
453,Hard For Me,"409,483","10,531",82,Music,2020
454,Raisa - Nyaman Tak Cukup (Official Music Video),"776,133","24,819",,Music,2023
455,Гимн Украины Крым Ялта 2K17,"168,698","1,963",240,Nonprofits & Activism,2017
456,Best pirate I've ever seen,"3,531,465","52,196",407,Gaming,2018
457,Dog loves ticklish fringe,"943,385","8,064",248,People & Blogs,2016
458,"Tommy Wiseau in The Room vs. James Franco in The Disaster Artist (""I did not hit her "" scene)","835,947","7,495",232,Film & Animation,2017
459,Oğuzhan Uğur Sunucunun Tezini Çürütüyor,"1,176,753","16,561",608,People & Blogs,2018
460,CNN (CLINTON NEWS NETWORK) TELLS VOTERS WHAT TO SAY,"1,179,095","10,499",575,People & Blogs,2016
461,buziak od pierwszego zatrzymania ;),"1,206,080","11,844",373,Sports,2018
462,Squid Game Challenge: Lee Jung-jae Edition! #squidgame #netflix #squidgame2 #leejungjae #shorts,"25,932,476","952,835",,Entertainment,2025
463,Älg i vak,"2,104,408","8,941",147,Pets & Animals,2017
464,Kingdom Hearts: Birth By Sleep (PSP) trailer [High Quality],"4,245,757","14,725",346,Entertainment,2007
465,"Alphabet lore,Colors #mixingcolors #alphabet #alphabetlore #24magicalcolors","76,116,304","915,850",,People & Blogs,2024
466,Blind Guardian - The Bard's Song,"4,160,648","28,826",257,Music,2006
467,Охотничий кот,"670,799","5,378","3,901",People & Blogs,2016
468,romeo n juliet (feat. youra),"994,313","15,294",,Music,2024
469,FINNEAS - Love is Pain (Official Music Video),"291,407","30,204",106,Music,2021
470,Мы едем в аду,"942,738","14,706","1,799",People & Blogs,2017
471,EPIC Drum Solo FAIL!,"3,865,978","22,231",900,Comedy,2011
472,42 Dugg - Maybach feat. Future (Official Music Video),"1,471,860","64,274","1,040",Music,2021
473,3 steps to make a sandwich cookie #squishy #diycrafts #handmade #statisfying #cookies #fyp #foodie,"66,159,027","911,352",,People & Blogs,2024
474,Dad faces some demons,"1,392,971","12,985",523,People & Blogs,2017
475,Kid singing Britney Spears scared to death by his mom,"11,940,134","39,480","2,324",Comedy,2007
476,Брянск ГИБДД VS Администрация,"1,098,298","15,008",251,Nonprofits & Activism,2012
477,These cars did NOT want to stop 😂 #funny #shorts #shortsfeed #protest #funnyshorts #fails #cars,"45,224,482","1,740,579",,Autos & Vehicles,2024
478,Why’d you join the military,"19,687,834","1,192,318",,People & Blogs,2024
479,VISTA AL MAR,"1,345,609","13,378",,Music,2023
480,BBC Weatherman Caught Giving Middle Finger on Stage,"510,985","3,000",156,News & Politics,2010
481,Tiakola - 200K (Visualizer),"401,231","12,736",,Music,2023
482,a shop for killers #kdrama #leedongwook #fypシ #shorts,"36,495,668","2,332,258",,Entertainment,2024
483,What happened with petrol ⛽️ theif?,"80,215,970","699,249",,People & Blogs,2025
484,Tutorial For Wacky The Magic Worm #shorts,"31,500,538","1,211,363",,Entertainment,2023
485,Tutorial on how to float (new edit) #slickback #airwalk #viral #dance,"23,773,994","1,033,660",,People & Blogs,2023
486,Фокусы в армии (с пюрешкой) / Magic in Russian Army,"1,153,666","22,703",864,People & Blogs,2016
487,"☃ Kid get's smacked by city plow driver ❄️ Belleville, Ontario","1,257,621","6,113","2,075",Nonprofits & Activism,2016
488,Cian Ducrot - I'll Be Waiting (Official Video),"652,326","17,389",,Music,2023
489,Even Sam Sulek struggled on this machine #arsenalstrength #samsulek #workoutmotivation #squat,"21,366,880","1,232,670",,Sports,2024
490,"Original Elias, Los Yakis, Big Lois - COCO","545,770","6,245",,Music,2024
491,Today's child 💀 #trollface #shorts,"33,321,451","1,976,502",,Entertainment,2025
492,[HQ AUDIO]Foo Fighters & Rick Astley - Never gonna give you up - Summer Sonic Tokyo 20th August 2017,"1,031,393","12,930",294,Music,2017
493,Don't bring a snowball to a water fight - Original Audio,"2,710,968","25,296",736,Comedy,2013
494,He's trying to take care of the baby like a new mom.#movie #shorts,"15,528,635","1,864,520",,People & Blogs,2024
495,"Pop Smoke - The Woo ft. 50 Cent, Roddy Ricch","2,498,904","210,392","2,664",Music,2020
496,Camera 🙃🤭 | #shortsfeed #short #shorts #youtubeshorts #memes #memesvideo #memesdaily #meme,"27,417,456","1,636,699",,Science & Technology,2024
497,Rocky Balmoto,"2,218,572","10,869","1,626",People & Blogs,2016
498,Girl stuck in the freezer,"1,313,291","8,876",916,People & Blogs,2016
499,Cıstak x Ne,"903,229","5,919",,Music,2024
500,Краснодарские пробки: акция по борьбе с дебильными наклейками. Inst nedobor,"31,346,139","1,114,673",,People & Blogs,2024
501,MILLION DOLLAR BABY,"483,750","30,078",,Music,2024
502,Lil Tjay - Hold On (Official Video),"511,397","51,354",306,Music,2019
503,"Ráfaga, Maria Becerra - Mentirosa Remix (Official Video)","4,234,200","95,160",,Music,2023
504,Checking reflexes in children😮,"16,918,143","1,385,894",,People & Blogs,2024
505,"Raisa, Ahmad Dhani - Biar Menjadi Kenangan (Official Music Video)","879,312","24,831",,Music,2023
506,Богатеи на Порше на митинге вкладчиков ТФБ,"319,543","5,553","4,557",News & Politics,2017
507,Vor dem Spiel Arminia vs Eintracht,"604,182","14,665","1,270",Sports,2017
508,Horse attacks alligator! Payne's prairie 4/12/17,"2,173,396","2,235",200,People & Blogs,2017
509,吳青峰 - （......催眠大師）（feat. Maîtrise Saint-Marc - Les Choristes）,"729,068","3,681",,Music,2022
510,Slime craft #diy #viralvideo  try it 😍🔥,"50,430,588","676,600",,Howto & Style,2024
511,High School Musical 3 - Can I Have This Dance *OFFICIAL MUSIC VIDEO w/lyrics (HQ),"25,576,382","23,880","1,691",Music,2008
512,LOTR cast make fun of Orlando Bloom,"2,756,627","12,934",195,Film & Animation,2011
513,How To Survive In A Snow Cave ❄️ (@OutdoorBoys),"30,879,051","1,986,344",,People & Blogs,2024
514,"Лидер вежливых фермеров о концерне ""Покровский""","815,205","5,214","1,997",People & Blogs,2017
515,Girl honks at ship,"12,100,810","69,506","3,924",Autos & Vehicles,2012
516,Confidence for a better voice #viralvideo #movie #funny #funny,"21,754,025","1,544,265",,People & Blogs,2025
517,Bobby,"10,522,368","95,471","1,021",Film & Animation,2014
518,"Korea, the best dancer ever!!!","24,082,631","36,946","13,769",Entertainment,2007
519,The last touch…🎨,"22,664,387","1,301,241",,People & Blogs,2024
520,MTG Chihiro (Funk),"1,183,327","28,740",,Music,2024
521,ABBA Dancing Queen 1976,"20,688,870","22,826",851,Music,2006
522,Jack Douglass' Acceptance Speech for Youtuber of the Year,"1,259,028","58,691",504,Gaming,2018
523,Sakeru Gum series さけるグミ #1-11 complete (Eng SUB),"1,698,544","32,679",265,People & Blogs,2018
524,basic instinct,"6,484,622","1,102",271,Entertainment,2006
525,Lil Nas X - Panini (Official Video),"954,626","270,300","3,971",Music,2019
526,The moment an old lady questions her own sanity,"16,672,541","152,493","2,482",People & Blogs,2014
527,A Cheetah Cub Clings to Life After Being Saved from Drowning by Rescuers,"21,851,552","1,192,524",,People & Blogs,2024
528,Cats are weird,"23,514,825","1,466,605",,Music,2024
529,The chosen killer who stunned Blackie #thechosenson #shorts #movie #video,"17,844,344","1,839,716",,Film & Animation,2024
530,Rels B - BALADITA 2000’s (SIN MIRAR LAS SEÑALES),"518,464","83,260",400,Music,2019
531,Blue Angels Fly By,"7,980,199","11,170",417,Comedy,2015
532,экстремальный взлет в Бодайбо.mp4,"1,891,710","3,389",109,Autos & Vehicles,2012
533,Blinker fluid prank,"3,472,449","25,739","1,535",People & Blogs,2017
534,This Net Play Masterclass by Lee Chong Wei Will Blow Your Mind!,"31,973,359","899,396",,Sports,2024
535,He is a real hero 👏👏👏#pump #patrol #cctv,"77,443,625","2,642,399",,People & Blogs,2024
536,Kitne speed se aaya kutta #dog #dogwithpublicsafety #ytviral #ytshortsindia #animals,"59,452,071","1,412,843",,People & Blogs,2025
537,"Coldplay covers Linkin Park's ""Crawling""","1,034,276","5,518",468,Music,2017
538,Jim Carey - How Wealthy People Laugh,"23,125,014","182,299","4,886",Film & Animation,2011
539,Look alike cam,"21,725,763","1,194,176",,People & Blogs,2024
540,turtle sneeze!,"750,279","11,181",98,Pets & Animals,2013
541,Weakest Link (US) - Anne Robinson meets her match,"2,482,872","18,485",310,Entertainment,2008
542,Joffrey was right,"1,990,733","22,778",622,People & Blogs,2016
543,Anas - Dans mon monde (Clip officiel),"434,175","11,063",125,Music,2018
544,Din Cauza Ta,"692,770","5,164",,Music,2022
545,Zeze,"620,100","6,245",,Music,2024
546,I’m Not an Alcoholic…,"23,482,478","1,108,273",,People & Blogs,2024
547,Philippe Poutou - On n'est pas touché (clip officiel de campagne à la présidentielle 2017),"502,245","3,060",950,Pets & Animals,2017
548,Sofia Castro - En Camara Lenta (Official Video),"328,442","41,141",,Music,2022
549,These white mouse passed her super fast! #shorts,"29,116,331","775,787",,Entertainment,2024
550,If You Ask Me What Love Is,"6,299,705","34,472",,Music,2024
551,University of Arizona v.s. UCLA Streaker Dressed as Referee 2011 ENTIRE VIDEO (ORIGINAL),"2,601,392","3,467",580,Entertainment,2011
552,Girl falls off stage while getting proposed to at dallas music festival ORIGINAL (part 1),"322,489",887,239,People & Blogs,2017
553,Streamer is virtually violated by a weird guy and his goon.,"1,420,634","20,629",453,People & Blogs,2016
554,Cute Golden retriever rescuing her teddy bear,"2,789,609","12,852",427,People & Blogs,2013
555,Time of my life - Trump ft. Clinton (Original),"973,508","9,974",182,People & Blogs,2016
556,Creating Stunning Pencil Art with Wood Lathe #woodwork  #woodturning #woodworking #short,"37,457,109","925,871",,People & Blogs,2024
557,Ryan Gosling - Epic Old Dancing Videos 1992,"1,694,235","6,734",210,People & Blogs,2015
558,Cat doesn't like Trump,"1,200,385","4,548",198,People & Blogs,2016
559,Real Boston Richey - Get In There (Official Music Video) ft. GloRilla,"1,114,137","23,446",,Music,2024
560,POV: Our dad before we were born#pov #dads,"26,059,678","1,643,512",,Entertainment,2024
561,シカ色デイズ,"3,434,167","77,663",,Music,2024
562,"Eden Muñoz - Ni Te Conozco, Ni Me Saludes","412,133","8,911",,Music,2024
563,White Bear Mitsubishi - Gopher Hockey Outtakes - White Bear On Ice,"2,998,663","27,492",262,Autos & Vehicles,2016
564,Jedna fotografija dnevno u najgoroj godini života / One photo a day in the worst year of my life,"61,892,792","32,649","4,045",People & Blogs,2013
565,În golul tău,"542,909","11,504",,Music,2023
566,Декабрьский снег,"497,351","6,170",,Music,2024
567,My dog and his extremely sour warhead.,"3,258,081","37,324","2,328",People & Blogs,2016
568,Tems - Me & U (Official Video),"6,784,272","192,413",,Music,2023
569,Róż,"892,763","13,576",,Music,2024
570,"Michaël Brun, John Legend, Rutshelle Guillaume - Safe (Audio)","336,094","15,568",,Music,2024
571,"Балаклея, Харьков, момент детонации","1,941,205","4,907",197,People & Blogs,2017
572,The Usual Suspects Lineup HQ WS,"2,305,124","13,521",142,Entertainment,2009
573,Dashcam BMW crash,"5,666,551","14,735","1,208",People & Blogs,2016
574,love nwantiti (feat. Dj Yo! & AX'EL) (Remix),"1,130,967","44,988",428,Music,2021
575,David Hasselhoff - Hooked on a Feeling,"13,848,813","42,810","4,411",Music,2006
576,It Got Grandma!: Chimp at Zoo Throws Poo in Grandma's Face!,"3,975,037","24,800","1,387",Pets & Animals,2017
577,American Terrorist Christopher Cantwell balls his eyes out,"1,283,550","1,966","5,740",People & Blogs,2017
578,Jamie Fine - If Anything's Left (Lyric Video),"400,523","10,743",,Music,2023
579,Stephen Colbert 2011 Commencement Speech at Northwestern University,"1,142,028","7,520",105,Comedy,2011
580,"Jawsh 685, Jason Derulo, BTS - Savage Love (Laxed - Siren Beat) (BTS Remix - Visualizer)","709,660","87,291",785,Music,2020
581,A real loyal man ❤️‍🩹 #healthcore #relationship #happy,"19,027,611","1,530,596",,People & Blogs,2024
582,#cls63amgshootingbrake #car #drift #rage #funnyshorts,"23,285,790","816,334",,Gaming,2024
583,25 января 2017 г.,"558,189","6,115",911,People & Blogs,2017
584,Lady Mi Amor,"2,862,746","49,983",,Music,2022
585,Now United - Clockwork (Official Music Video),"3,608,730","109,252",,Music,2022
586,This elevator zombie is the previous doctor#shorts #movie,"18,607,898","1,261,246",,People & Blogs,2025
587,ДЕВОЧКИ СРУБИЛИ КУЧУ БАБЛА,"351,093","10,976","16,261",People & Blogs,2017
588,Derrick Barry (Britney Spears) - America's Got Talent,"5,370,442","12,906",757,Entertainment,2008
589,Airport worker did not believe John Krasinski,"18,075,959","1,134,783",,People & Blogs,2024
590,#epicfail #funnyfelines #laughoutloud #viralvibes,"41,417,471","1,174,662",,People & Blogs,2023
591,Michele Morrone - Hard For Me (Official Music Video),"968,142","163,555",681,Music,2020
592,Lighter (feat. KSI),"208,305","15,523",287,Music,2020
593,Weather boi,"2,224,078","40,635",799,People & Blogs,2017
594,同担☆拒否 feat. ちゅーたん（CV：早見沙織）／HoneyWorks,"1,410,014","54,271",,Music,2024
595,The Loud Machine,"631,383","7,644",119,Comedy,2006
596,Jokes on you #foryoupage #viralshort  #crime #fyp,"14,630,922","1,310,894",,Gaming,2024
597,Митинг. Владивосток. Димон. 26.03.2017,"321,696","5,390",678,Gaming,2017
598,Carlsberg stunts with bikers in cinema,"22,426,928","50,810",806,Entertainment,2011
599,True Life: Saddest Moments from Suicide to Self Mutilation | MTV,"735,724","7,205",519,Entertainment,2017
600,J.I. - Used To [Official Music Video],"200,427","22,875",129,Music,2021
601,Driving lesson nearly ends badly,"20,021,646","1,086,893",,Comedy,2024
602,Skyrim SE - Do not be afraid,"428,627","8,286",41,Gaming,2016
603,Andy Serkis as Gollum or Sméagol reading Trumps tweet's,"618,195","9,948",607,News & Politics,2017
604,"morodo, la yerba del rey","5,337,381","5,237",263,News & Politics,2007
605,that would have been one expensive crash #crash #bmw #automobile,"32,241,025","1,330,959",,People & Blogs,2024
606,Scummy Chef Tried Sabotaging A Blind Chef 💀,"14,011,202","1,394,390",,People & Blogs,2025
607,easy money fr 🤣 #edit #funny #comedy #wow #comedymemes #shortvideos,"28,383,831","1,252,511",,People & Blogs,2024
608,Why Bryan Cranston Took M*th...,"15,364,626","1,375,652",,People & Blogs,2025
609,Gruzi - Don't let me down,"1,089,084","4,492",91,Music,2017
610,Touch at Your Own Risk,"2,637,024","3,931",222,People & Blogs,2017
611,"Hippo Charge on Chobe River Jan2015, recorded with iPhone 6; Botswana, Awesome but crazy dangerous.","9,735,098","14,563",773,People & Blogs,2015
612,Why do some people like to steer with one hand while driving? #car #cardriving,"28,686,798","1,157,668",,People & Blogs,2025
613,Sister Act 2 - Oh Happy Day,"37,730,464","87,538","1,589",Music,2006
614,Bucket Bear better quality,"4,399,693","2,977",117,Pets & Animals,2014
615,Finch Frozen to Fence Rescue,"3,702,696","25,741",152,People & Blogs,2017
616,no one hates tom holland more than anthony mackie,"3,158,893","58,614","1,222",People & Blogs,2018
617,Jay Wheeler - THROWBACK (Official Video),"7,790,108","77,637",,Music,2023
618,Ralph Macchio edit age👶,"19,559,120","1,335,305",,People & Blogs,2024
619,SDCC 2018 D23EXPO LEAK AVENGERS 4 TEASER TRAILER GUARDIANS AND THOR,"902,113","5,250","16,759",People & Blogs,2017
620,Wait for it...,"1,924,931","26,500","3,728",People & Blogs,2016
621,Lan x Affetmem,"457,082","4,583",,Music,2024
622,퇴사할 때 단톡방에 올리는 영상,"2,972,255","47,671",494,People & Blogs,2017
623,Nasılsın Başkan ?,"553,867","4,827",,Music,2024
624,Charging Fails  The Hilarious Struggles of Charging a Cybertruck #wtfdfw,"24,297,022","1,030,221",,Entertainment,2024
625,"Creepy Nuts｢Otonoke｣ × Anime""DAN DA DAN"" Collaboration Music Video","2,425,308","74,657",,Music,2024
626,Seleccion Argentina 2010 Waving Flag,"1,190,356","2,026",65,Sports,2009
627,Stupid peoples🙄 #shorts #motovlog #vlogger #viral #viralvideo #trending #trendingshorts #biker,"23,079,124","1,228,011",,People & Blogs,2023
628,1 Second of every  'It's Always Sunny In  Philadelphia' episode,"1,419,216","47,756",318,People & Blogs,2017
629,Evie's first sip of Coke,"2,098,844","9,508","1,647",People & Blogs,2017
630,Salmo 121,"414,063","7,236",,Music,2024
631,Prison can chat through the toilet #happy #funny #movie #comedy,"15,073,415","1,732,918",,Film & Animation,2025
632,"Pop Smoke - Snitching (Audio) ft. Quavo, Future","3,610,348","109,734","1,470",,2020
633,Ottawa cyclist struck by car!,"1,379,955","5,540",262,People & Blogs,2017
634,Cat and Dog (a love story),"2,194,640","1,626",276,Pets & Animals,2007
635,"I P’ ME, TU P’ TE","1,204,656","26,346",,Music,2024
636,Kevin Hart and Dwayne Johnson weigh in on Colin Kaepernick's situation | The Undefeated Roundtable,"398,805","4,592",626,Sports,2019
637,Gardening Skills,"568,023","9,612",368,Comedy,2017
638,Пронько. Экономика: Набиуллина ответила на вопросы «Царьграда»,"1,987,411","10,901",243,News & Politics,2017
639,"21 Lil Harold, 21 Savage - Ain't On None (Official Music Video)","403,840","14,597",,Music,2023
640,Dexter Saves The Police Department | Dexter S6.E11,"16,188,719","1,103,645",,Film & Animation,2024
641,Releasing a stranded octopus and it thanked me,"12,029,468","112,065","3,130",Pets & Animals,2013
642,Patrick Wasserziehr lässt seinen Kaffee umrühren,"1,265,446","9,952","7,681",People & Blogs,2017
643,Zapowiedź pociągu,"643,936","7,279",384,People & Blogs,2018
644,Emkal - Oublie-moi (Clip officiel),"10,903,494","213,459",,Music,2022
645,Not Thanos and Tuco 😂😂😭💀 #shorts #comedy #funny #breakingbad #avengers @AlternativeCutsStudios,"15,728,978","1,081,525",,Music,2024
646,counting to Jay-Z and back,"544,904","6,743",281,Music,2017
647,BACILOS LA CARA DE LA LUNA,"2,142,731","2,971",89,Music,2008
648,Soweto,"1,082,098","19,231",,Music,2023
649,#фильм #фильмы #кухня,"24,804,822","1,138,048",,People & Blogs,2023
650,Bird karma,"1,324,926","24,519",843,People & Blogs,2017
651,In Flames - Trigger,"8,393,871","30,145",709,Music,2006
652,"The Room - 'I Did Not Hit Her!' - 'Oh, Hi Mark!' - 🍆 See Film 👑THE DIANA CLONE 🌹on Amazon 👸","2,571,193","20,280",636,Comedy,2016
653,Amazing gifts for her birthday party 🥳🎉#diy #gift #happy #shorts #trending,"90,441,750","1,805,257",,People & Blogs,2024
654,"Bankroll Freddie, Megan Thee Stallion - Pop It (Official Video)","302,530","18,996",236,Music,2021
655,YOLUNDA BABA,"284,964","7,021",,Music,2023
656,A child with supernatural gift . Just watch him carefully.  #agt #americagottalent #globaltalent,"84,382,366","1,102,512",,People & Blogs,2024
657,Potter Payper - Love Me How,"515,123","11,811",,Music,2024
658,Z Beta,"1,503,881","12,867",,Music,2025
659,This has got to be Rip’s unluckiest day ever.,"14,206,642","1,238,400",,Film & Animation,2024
660,Young Tmo x Mad Jim x Lil Bobey - The Race Freestyle,"530,196","6,946",10,Entertainment,2017
661,Το ποιο απίστευτο βίντεο που έχετε δει ποτέ!!! The most INCREDIBLE VIDEO EVER !!! WWW.BYTHEWAY.GR,"3,360,262","2,084","3,489",Sports,2008
662,Triste Verano,"973,986","37,509",,Music,2023
663,La Diabla,"577,246","17,409",,Music,2023
664,Drake's Security Oversteps Their Boundary,"1,294,954","7,216",913,Autos & Vehicles,2017
665,Mr Fish Finger With 309 Votes,"417,269","7,019",129,People & Blogs,2017
666,Creative Labs Keyboard Drum Demonstration. The best keyboard drummer ever! Maybe best drummer ever!,"717,041","9,017",69,Music,2009
667,This Dog Owner Faced Backlash for This...👹,"15,863,260","1,129,831",,Entertainment,2024
668,Pop Smoke - Something Special (Audio),"1,569,123","62,866",369,,2020
669,C•U•N•T•S • Game of Thrones • Season 7 Episode 6 Preview •  Friends Parody,"880,221","24,932",310,Comedy,2017
670,Mission Impossible: Toddler Edition,"485,603","5,406",737,Comedy,2018
671,Pouring water down a 50 meter well.,"669,007","7,414",343,People & Blogs,2018
672,Potter Payper - Nothing's Free ft. Suspect OTB,"203,115","9,481",140,Music,2021
673,Supernova,"27,166,456","123,748",,Music,2024
674,#memes #memesvideo,"14,283,173","1,197,313",,People & Blogs,2023
675,Eddy Court - Scoop & Boolin,"116,227","1,011",5,Music,2017
676,Zebra Drowning a Lion,"30,475,518","19,766","2,398",Autos & Vehicles,2009
677,66 year old Bodybuilder William Reed sees color for first time,"2,326,852","32,615",478,People & Blogs,2017
678,Now United - All Night Long (Official Music Video),"3,804,144","65,617",,Music,2022
679,Red Suit || Official HD Video || Latest Punjabi Songs || RK Ramme,"1,080,296","2,237",61,Music,2017
680,Blueface - Finesse the Beat,"3,180,097","106,943","3,722",Music,2020
681,"I didn’t choose this life, this life chose me #bodybuilding #gym","18,112,289","952,915",,Sports,2024
682,Parenting life hack to keep your kids busy!! 🤯,"46,180,015","593,735",,People & Blogs,2024
683,When you and your mates go snow boarding for the first time.,"793,869","5,953",230,People & Blogs,2018
684,"Lisa Simpson calls Donald Trump Presidency, Increased Debt","5,099,101","6,432",350,Comedy,2011
685,POV: That cheater in game,"16,553,568","1,214,495",,Gaming,2024
686,Rất chuyển nghiệp #giaitri #tienich #xuhuong #shorts #chau23__,"42,947,771","839,423",,People & Blogs,2024
687,Calboy - Unjudge Me (Official Video) ft. Moneybagg Yo,"490,061","34,054",329,Music,2019
688,Perfect Imitation Moment . . . #edit #trollface #troll,"85,711,865","1,807,179",,Entertainment,2025
689,Jeopardy: What is a threesome?,"2,838,751","7,651",126,Comedy,2011
690,It happens only in India !!!,"3,102,872","10,975",195,Entertainment,2011
691,Garth Brooks - The Dance - Kick Cancer's ASS!,"3,751,723","2,513",90,Entertainment,2014
692,JADE - Angel Of My Dreams (S.A.D. - Slow. Angelic. Dramatic. - Live Version) Official Video,"1,067,157","83,659",,Music,2024
693,ТРЯСИ,"270,965","10,722",,Music,2024
694,This Mama Cat’s Reaction is Everything 😭,"17,246,448","1,441,967",,Entertainment,2024
695,burgle HD,"1,186,446","9,731","1,001",People & Blogs,2016
696,오르골 Life Is Still Going On,"556,702","81,813",158,Music,2021
697,Man destroys yellow jacket nest with bare hands ORIGINAL,"1,655,964","9,915",477,Comedy,2017
698,"KAMILLA - Нет любви (Премьера клипа, 2017)","1,260,133","3,393","1,468",People & Blogs,2017
699,"""get in the bag"" cat instantly regrets getting in the bag","2,795,415","66,612","1,292",People & Blogs,2017
700,Two passengers are leaving the toilet on a Virgin Atlantic flight #smilehighclub,"2,641,134","22,660",567,Travel & Events,2017
701,In the Halls of the Trumpen President,"2,287,550","28,020",546,People & Blogs,2016
702,Bruce Lee VS japanese school,"22,075,523","25,688",0,Film & Animation,2007
703,ScarLip feat. NLE Choppa - Blick (Official Remix Video),"900,283","52,440",,Music,2024
704,Why Track & Field’s False Start Rule is COMPLETELY Unfair,"19,424,607","839,852",,People & Blogs,2024
705,I Hate When People Park Like This 😂 #cars #car #bmw,"29,787,729","1,291,117",,Autos & Vehicles,2024
706,Mark Cuban beats Mr. Wonderful crazy offer🤯  #motivation #sharktank #success #entrepreneurship,"24,468,234","1,809,984",,People & Blogs,2024
707,Darell - Booty Call (Official Video) ft. Kevvo,"2,557,146","72,186","2,173",Music,2020
708,Eurovision 2017 man shows his butt during Jamala performance,"811,441","9,223","1,350",Entertainment,2017
709,沖縄県警、DQNをはねる,"724,385","6,920",810,People & Blogs,2017
710,Sauce Boy Freestyle 5,"199,045","21,827",114,Music,2021
711,Супер герои сервиса Nissan — Тайро,"1,921,703","2,947","1,776",People & Blogs,2017
712,Anas - Hania (Clip Officiel),"1,202,172","58,062","2,680",Music,2021
713,Deaf car sees its owner and its very cute #catlover #cutecat #cuteanimals #shorts,"14,444,985","1,454,036",,People & Blogs,2024
714,Brandon Lake - Hard Fought Hallelujah (Music Video),"2,021,897","76,556",,Music,2024
715,A Nossa Praia é Amar,"1,709,183","10,466",,Music,2025
716,Dogs Charge Police Officer Meridian Idaho David Gomez,"2,271,314","11,303",261,Nonprofits & Activism,2016
717,The Most Loving Cat In The World,"3,411,990","4,751",74,People & Blogs,2015
718,Russian daughter congratulates Trump / Русская дочка поздравляет Трампа,"2,724,785","30,679","10,830",People & Blogs,2016
719,同婚_釋昭慧法師vs基督教 20161124,"354,206","5,280",347,News & Politics,2016
720,Feel It,"389,735","6,511",59,Music,2020
721,Moje Bivse Zene,"778,990","5,105",,Music,2022
722,Snow day in Raleigh,"986,365","8,312",533,People & Blogs,2017
723,Violet Chachki Fall Reveal,"622,111","6,471",66,People & Blogs,2015
724,Sharon stops a Koala fight in Portland.,"1,280,718","16,379","1,085",People & Blogs,2017
725,Killing spawn peekers can be hard sometimes,"700,441","12,116",108,People & Blogs,2017
726,Chopsticks!!!,"1,329,624","9,922",233,Music,2006
727,Землетрясение на Байкале 16.03.2018,"433,395","5,946","1,739",People & Blogs,2018
728,"Rels B, Duki - OTRO CHEKE (Audio) ft. The Rudeboyz","246,789","29,114",238,Music,2019
729,Camilo - La Difícil (Official Video),"693,000","178,942","1,788",Music,2019
730,Mertesacker felt for Cringe Handshake !!,"391,066","4,959","2,233",Comedy,2017
731,Grand Theft Cow,"6,571,983","56,442",0,Comedy,2017
732,Homer At Shooting Range  #thesimpsons #simpsons #shorts,"14,496,147","1,160,739",,Film & Animation,2024
733,The way he trusted her blindly #trending #aesthetic #shorts #song #kdrama #cdrama #rose_petal_edits,"18,769,406","1,239,163",,People & Blogs,2024
734,#foryou,"15,614,840","935,562",,Gaming,2024
735,Heureuse,"242,058","7,174",,Music,2025
736,Are you ready for this?,"1,201,197","10,359",644,People & Blogs,2017
737,Zivot Skup,"1,813,081","10,912",,Music,2022
738,#starman #starmanmeme #superman,"26,625,824","1,240,004",,Entertainment,2024
739,Tim Bengel Sand Artist Hoax,"626,922","7,443","1,844",News & Politics,2017
740,I AM THE LAW!,"1,001,145","4,766",59,Comedy,2009
741,Only,"879,027","6,045",,Music,2024
742,Vitalik Buterin: This is time to go all in. Ethereum will hit $13K in the end of Month. ETH News!,"1,861,646","22,354",332,,2021
743,8 Rules of Fight Club Trailer,"1,352,408","2,752",97,Entertainment,2006
744,Cat Burns - live more & love more (lyric video),"1,976,635","61,195",,Music,2023
745,Safety always first #trucker #flatbed #truckdriver,"26,230,966","715,384",,People & Blogs,2024
746,Trap /tuzak #bushcraft #survival #outdoors #trap #traps,"31,706,632","626,793",,People & Blogs,2023
747,I built a hidden and strange shelter inside a big rock. A safe and comfortable shelter|#shorts,"25,768,817","592,990",,Entertainment,2025
748,Dog Saves Deer... Good Boy Storm,"1,591,632","5,595",207,Education,2017
749,Smartest Police Dog Ever!,"3,818,260","2,410",29,People & Blogs,2009
750,박근혜 대통령 '대국민 담화'의 재구성,"1,123,430","5,094",298,News & Politics,2016
751,Massimo Pericolo - Straniero (Visual Video) ft. Tedua,"500,396","9,717",,Music,2023
752,Gotta make sure we are giving the best service,"49,741,957","433,295",,People & Blogs,2023
753,Impossible By Rukby Graund Match 😮😮😮ll,"34,003,889","877,636",,People & Blogs,2024
754,"The moment their soul said, 'I'm out!' 😂","13,129,999","1,122,799",,Entertainment,2024
755,Do something new #trending #food #siblings #viralvideo #recipe,"30,519,326","564,333",,Comedy,2024
756,baby playing in mother's womb !!!!!,"5,806,522","2,810",101,Entertainment,2010
757,WLIIA: Best Questions Only Game Ever!,"1,778,902","14,882",215,People & Blogs,2013
758,V'OLGA - ЛОВИЛА,"1,136,235","2,735",756,People & Blogs,2017
759,"faire grossir sa poitrine, ses seins how to make big tits boobs","2,271,592","2,923",215,Film & Animation,2011
760,Rube BeauBerg Experiment,"338,078","6,506",484,Education,2012
761,Not all Hero’s Wears Capes 😂🦸❤️ 🪧,"19,436,811","1,332,889",,Sports,2024
762,Générique de Fin - Nouvelle École,"270,628","5,414",,Music,2024
763,I bet this music video was so fun to make #edit #billieeilish #fypシ゚ #music #hmhas #viral #shorts,"16,653,075","1,141,116",,People & Blogs,2024
764,مهرجان بريدة للتمور 1438 هجرية,"158,842","1,590",490,People & Blogs,2017
765,Тосненский штаб о закрытии. Обращение к Навальному.,"430,346","3,205","16,467",People & Blogs,2018
766,AmagezaGautengSavingCalf_Short,"2,433,717","22,638",104,Sports,2011
767,Көзмоншағым (Remix),"852,325","2,558",,Music,2022
768,Bana Sor,"558,671","3,650",,Music,2024
769,When your best friend suddenly leaves you #edit #movie,"36,598,926","2,339,481",,People & Blogs,2024
770,Yapmaya Devam Edeyim,"2,144,646","21,309",,Music,2025
771,Fake lenovo subwoofer,"896,059","2,624",93,Comedy,2013
772,Hans Zimmer - Black Hawk Down (Main Theme),"18,846,951","57,057","1,006",Film & Animation,2008
773,Stravinsky Firebird SCREAM,"2,286,142","14,263",151,Entertainment,2017
774,Wasp cuts bee in half,"900,753","4,414","3,987",People & Blogs,2013
775,Supermoto Trailer Jump - Real Life GTA,"937,049","4,957",268,People & Blogs,2018
776,VTEC SOUND,"1,439,814","2,379",110,Autos & Vehicles,2006
777,Superman goes to the gym 😆 #clark #clarkkent #superman #dc #dceu #comic,"23,074,332","1,096,922",,Entertainment,2024
778,Service station attempted robbery,"346,486",433,8,People & Blogs,2016
779,Biometrids Decentralised and Anonymous ID by Facial Recognition,"44,939","6,760",81,Science & Technology,2018
780,Grandma falls into crib,"5,198,725","3,233",640,People & Blogs,2016
781,Surmeet Mayyar - Destiny|Captab Music|New punjabi,"1,210,006","5,561",39,Music,2016
782,Ricordi,"1,563,266","37,543",,Music,2022
783,Tyler1 screams as loud as he can but it's vocoded to gangsta's paradise,"6,892,417","326,670",0,Entertainment,2021
784,Raisa - Tak Berharap Lagi (Official Lyric Video),"640,395","23,800",,Music,2023
785,初恋キラー,"2,408,648","70,467",,Music,2024
786,How Japan Builds Without Nails,"21,240,627","865,214",,People & Blogs,2024
787,Whiplash,"26,339,205","125,508",,Music,2024
788,Lawyer shoots at innocent homeless man#movie #shorts #film,"15,675,902","1,204,273",,People & Blogs,2024
789,Rubi de #LosXvdeRubi abucheada en los Premios MTV Miaw 2017,"601,433","2,164",524,People & Blogs,2017
790,【最凶】東海オンエアはゆめまるが一番、天才説でごわす。,"1,146,538","8,217","1,793",People & Blogs,2018
791,Borat - Throw the Jew Down the Well!!,"14,780,300","113,914","5,175",,2006
792,Tunak Tunak Tun sped up every time they say Tunak,"4,545,880","80,858","2,766",People & Blogs,2016
793,"Red Hot Chili Peppers "" Californication "" ( LIVE )","1,318,163","4,440",74,Music,2008
794,Chuck Norris stops a chainsaw bare handed,"6,511,349","56,317","1,872",Howto & Style,2011
795,"""ПОЖИРАТЕЛЬ"" Фильм о коррупционных действиях Олега Сорокина в Нижнем Новгороде","1,163,542","33,531",178,News & Politics,2017
796,No i’m sorry for not noticing the disease quick enough…,"16,057,914","837,794",,People & Blogs,2024
797,Сидит себе такой стареющий Серёжа... (Тарута мультик),"1,020,604","1,123",9,People & Blogs,2017
798,canon,"1,151,211","3,600",303,Music,2006
799,The JAWS OF DEATH AROUND ME my story,"15,694,317","2,156","16,530",Pets & Animals,2007
800,Tra Tra Tra,"2,663,550",734,212,Comedy,2007
801,Unknown T - Who said drill’s dead? (Freestyle),"709,147","38,689",,Music,2022
802,Chris Gayle batting☠️🔥🗿 #cricket #chrisgayle #icc #viral #shortsfeed #shorts #video #trending,"21,451,498","889,235",,People & Blogs,2025
803,Dana RECRUITS A Guy From The Crowd 🫡 #ufc308,"15,310,782","870,625",,People & Blogs,2024
804,Delaware Linemen Help Get The Power On in Puerto Rico,"330,993","5,766",270,People & Blogs,2018
805,Sparks - The Girl Is Crying In Her Latte (Official Video) - Starring Cate Blanchett,"370,731","13,803",,Music,2023
806,INSANE team USA sport stacking relay (🎥: @PeterFord) #sportstacking #speedstacking #cupstacking,"19,921,710","1,571,341",,Sports,2024
807,Дамблдор прогнал Волан-де-Морта из электрички,"907,268","28,505",990,People & Blogs,2016
808,The Carlton Dance,"21,982,633","125,259","1,804",Comedy,2006
809,Do you know what movie this is?,"14,277,121","1,400,411",,Film & Animation,2024
810,Share with a friend or tag a friend who would look breathtaking in this gown! To order this radiant,"31,427,489","1,979,492",,People & Blogs,2024
811,Girl falls from rock climbing but her mother lets ho of rope 😭😭😭#movieclips #aftereffects #edit,"21,932,706","1,552,430",,People & Blogs,2025
812,How to accidentally discharge your pistol properly.,"1,075,334","11,324",327,People & Blogs,2016
813,Beijing Airpocalypse Arrival,"1,237,586","1,923",438,People & Blogs,2017
814,Flying Scotsman,"2,104,858","17,604",942,Film & Animation,2017
815,Lip Dub - Flagpole Sitta by Harvey Danger,"431,602","3,425",85,Music,2007
816,SDM - Jacquemus Bag,"451,739","14,360",,Music,2023
817,Jimmy came to the store to buy cough medicine for his baby #funny #baby #funnyshorts #shorts,"20,123,045","1,727,015",,Film & Animation,2024
818,Nope,"2,804,741","14,656","1,512",Pets & Animals,2017
819,Guy dresses up as dog's favorite toy ORIGINAL,"34,208,522","1,134,285","6,964",Entertainment,2016
820,"Nanpa Básico, Lia Kali - Peor Que La Policía (Official Video)","447,102","15,919",,Music,2024
821,Thought I was getting a different gay 😭 she still girly 💅,"14,001,838","1,099,155",,People & Blogs,2024
822,"how to plaster professional craftsmen, quickly and neatly...","63,795,366","651,174",,Science & Technology,2025
823,Kelly Clarkson - Stronger (lyrics + deutsche Übersetzung),"2,264,728","4,545",126,Music,2012
824,И как это называется?,"545,044","1,706","3,138",People & Blogs,2016
825,skyrim irl,"4,445,069","201,482","2,141",Gaming,2017
826,mike mo 12 yrs old,"899,520","2,384",189,Sports,2008
827,Саянский метеорит.,"701,308","2,013","3,013",People & Blogs,2016
828,SWIPE,"770,209","16,265",,Music,2022
829,"Definition of ""I got you""🥹. #love #wedding #usa #phillipines #canada","16,320,783","879,622",,People & Blogs,2024
830,nayt - Certe bugie (official video),"259,293","13,901",,Music,2024
831,Pop Smoke - Gangstas,"6,522,744","127,566","1,390",,2020
832,"Silicon Valley S01E08 Dick Joke ""Mean Jerk Time"" (Full)","743,586","4,314",129,Film & Animation,2014
833,Jessie J 'Domino' [HIT SINGLE] Official Lyric Video + Single Cover (Full Song),"14,378,553","29,600",779,,2011
834,Penn State Dad Surprised with Rose Bowl Tickets,"886,251","13,187",338,People & Blogs,2016
835,"Kitty Corliss ""Grinding the Crack""","7,165,556","47,671",866,Pets & Animals,2011
836,Review of Freightliner Engine goes off the rails,"779,448","10,343",258,Autos & Vehicles,2016
837,HAY LUPITA,"742,351","8,461",,Music,2024
838,The last thing my Nest cam saw...,"1,103,324","2,863","3,111",Comedy,2017
839,Alicia Keys How to Save A Life (the Fray Cover) Radio One Live Lounge,"974,519","1,532",803,Music,2009
840,Billie Jean (Live),"1,240,220","3,198",67,Entertainment,2006
841,love 💖 #youtubeshorts #love #aesthetic #shorts,"14,461,382","1,421,219",,People & Blogs,2023
842,So much love in this shorts #shorts #cat #catlover,"13,626,618","1,081,306",,Pets & Animals,2024
843,You fall asleep at your workstation and your boss has to use forced boot up #usa #funny #usacats,"15,105,139","965,594",,People & Blogs,2024
844,Makes my heart happy 😄 #foryou #motorcycle #motorbike #motorcyclelife #biker,"10,998,377","1,293,220",,People & Blogs,2024
845,Best reactions after anesthesia 😂,"12,761,890","998,047",,Entertainment,2024
846,JD Pantoja - Idiota (Official Video),"2,914,712","516,071","18,824",Music,2020
847,Lola and Annie - Road Trip Karaoke,"7,095,244","4,677",200,Comedy,2017
848,Mous-K - On part à la guerre (Clip officiel) ft. Bosh,"185,963","8,778",134,Music,2020
849,Curb Your Middle Finger,"2,148,818","102,656",0,People & Blogs,2020
850,吳青峰 - （……小王子）（feat. 大橋三重唱）,"758,113","2,955",,Music,2022
851,"""I'm Walking Here!""  #fyp #meme #memes #humor","26,881,199","2,062,268",,Music,2024
852,Isadora Pompeo - Canção de Paulo (Ao Vivo),"717,671","18,144",,Music,2024
853,Ferrari car के शीशे पर कमाल की artistry 🎨🖌️#viralart #trending #ferrari,"20,062,971","653,512",,People & Blogs,2024
854,Easily solve the target and leave in peace. #shorts  #show,"19,371,062","838,752",,Film & Animation,2024
855,"Preme - DnF (Explicit) ft. Drake, Future","49,668,132","255,859","9,673",Music,2014
856,Brilliant Earth Diamond Jewelry – Real Customer Stories,"1,077,105","5,070",257,Education,2017
857,Град в Питере 22.07.17! Московские ворота.,"529,555","2,955",225,People & Blogs,2017
858,"Camilo, Shakira, Pedro Capó - Tutu (Remix - Audio)","503,155","96,284","4,974",Music,2019
859,Smart German Shepherd:  Twitch Letting Sophie Out of Her Kennel,"9,071,139","6,457",432,Pets & Animals,2012
860,Show,"2,155,636","47,683",,Music,2023
861,#فطائر #معجنات 🍃,"58,370,684","588,412",,People & Blogs,2024
862,Polo G - Martin & Gina (Official Video),"1,574,335","169,603","1,339",Music,2020
863,Развод на ложку от вороны,"2,215,297","27,798","1,265",People & Blogs,2017
864,"Children Of Bodom - ""In Your Face""","10,945,662","44,450","1,852",Music,2006
865,Trump in Home Alone 2,"7,876,999","34,035","2,069",Entertainment,2012
866,OPETTAJA SERVAA OPPILAAN,"612,669","8,823",283,Entertainment,2016
867,tinker bell dies of lack of attention,"1,680,831","117,780",0,People & Blogs,2021
868,The good driver indicators meaning #viralvideo #suzukilovers #offroad #viralshort,"21,897,113","932,948",,People & Blogs,2024
869,Do you agree with this mom’s philosophy of education? #shortvideo #shorts #freshofftheboat,"14,506,851","1,113,348",,Film & Animation,2024
870,Падение метеорита в Санкт-Петербурге,"508,176","1,862","1,241",Film & Animation,2017
871,FINNEAS - Only A Lifetime (Official Music Video),"427,585","42,373",,Music,2021
872,Heaven - DJ Sammy Remix,"11,370,933","21,100",0,Music,2006
873,"Gazo, Tiakola - 24/34 (Visualizer)","162,492","10,509",,Music,2023
874,Beautiful Things,"9,648,080","223,242",,Music,2024
875,Corazón de Piedra,"8,259,656","163,715",,Music,2024
876,Jędrzejów 26 wrzesień 2017r strzeżony przejazd kolejowy...,"509,539","2,706",159,Music,2017
877,Fernanda Brum - Onde o Fogo Não Apaga (Ao Vivo),"803,755","29,015",,Music,2023
878,Nkantin,"376,165","6,886",,Music,2022
879,Bro drove home with no music on after that 🤣 #automobile #funny #forzahorizon5 #viralvideo,"13,131,658","1,111,183",,Autos & Vehicles,2024
880,Metallica-Fade To Black,"35,496,234","88,736","2,442",Music,2006
881,Keg tapping goes horribly wrong.,"751,804","3,427",313,Entertainment,2017
882,Lil Tjay - 20/20 (Official Audio),"716,183","77,596",318,Music,2020
883,David Cook and David Archuleta Guitar Hero Commercials!,"2,911,092","8,025",495,Entertainment,2008
884,KIKESA - À ma place (Clip Officiel),"140,480","12,693",116,Music,2021
885,"Beéle, Farruko - Santorini (Official Video)","7,986,386","123,233",,Music,2023
886,Babyface Ray - Count Money (Official Video) ft. Bossman Dlow,"753,428","27,421",,Music,2024
887,Dad and son love ❤️#love #cute #trendingshorts#viralvideo #viralshort #trending #trend#viralreels,"21,114,813","1,299,490",,People & Blogs,2024
888,attento a chi segui...,"21,782,579","747,033",,People & Blogs,2024
889,Mii Channel Theme Band Prank,"541,067","8,480",85,People & Blogs,2018
890,The best gymnastics of the world 1,"1,998,858","1,783",292,Sports,2007
891,"Behind Bars in Mumbai's Train, India 🇮🇳","14,037,660","906,485",,People & Blogs,2023
892,Modern technology Gate In Market Available  #home  #interiordesign  #homedecor  #realestate,"32,574,963","606,165",,Entertainment,2024
893,Director Explains the STUNTS in HOME ALONE #homealone #behindthescene,"14,392,476","855,048",,Film & Animation,2024
894,Amore Mio,"366,026","7,119",,Music,2024
895,Cute couple #couple #cute #goals #relationship #pretty #viral #trending #kdrama #kpop #meme #memes,"12,557,924","1,090,648",,Gaming,2024
896,Stephen Colbert's wife cameo at her husband's Late Show!,"3,791,687","25,323",764,Comedy,2017
897,Foo Fighters x Rick Astley - Never Gonna Give You Up (Live @ Summer Sonic Festival 2017),"2,129,145","19,690",556,People & Blogs,2017
898,(THE ORIGINAL FIRST VIDEO) Hidden inappropriate drawing in Maya the Bee!,"661,841","1,657",420,People & Blogs,2017
899,TwoGrandFA,"770,826","4,131",85,People & Blogs,2017
900,"Neima Ezza, Simba La Rue, Nko - Spedizione punitiva (Official Video)","1,788,002","15,485",,Music,2023
901,Jay Wheeler - Historia (Official Video),"8,190,012","55,707",,Music,2024
902,Policjant i pieszy Poznań ul:Głogowska,"621,790","6,221",240,Autos & Vehicles,2017
903,Donald Trump's shooter be like:,"17,386,265","791,687",,Entertainment,2024
904,Expect the Unexpected  #meme #starmanmeme #starman,"17,657,367","960,306",,Entertainment,2024
905,Tir d’un gros mâle qui charge !! #sanglier #wildboar #chasse #hunting #keiler #shoot,"23,024,346","758,367",,People & Blogs,2024
906,Irie Maffia: Hands In The Air,"1,944,899","5,590",107,Music,2008
907,What happens when you surprise your BF with a boxer puppy?,"681,624","3,157",36,People & Blogs,2013
908,НЕ ПОВЕЗЛО - UNLUCKY,"14,921,437","3,604","1,225",Comedy,2009
909,This is how Geert Wilders should be interviewed. For sure Dutch media can learn something from BBC,"869,249","5,545","1,970",People & Blogs,2017
910,Шнур - Жестокое интервью,"4,821,385","22,694","2,233",Entertainment,2007
911,mbc 기자들의 굴욕...,"957,326","3,457",301,Nonprofits & Activism,2016
912,Triple Towel vs Lover's Blanket #couple #shorts #diy,"20,413,374","570,322",,People & Blogs,2024
913,She forgot about her wedding anniversary😅😳,"13,177,128","943,731",,People & Blogs,2024
914,"Chino Pacas - ""Morena Canela"" (Performance Video) (Official)","9,117,159","72,130",,Music,2024
915,Streamer’s Wholesome Reaction To Fan’s Heartbreaking Story🥹 #shorts,"26,100,905","2,061,254",,People & Blogs,2024
916,박근혜 대통령 탄핵안 가결!!실시간 어느 고등학교의 폭발적인 반응!!!(Korea high schoolers react to the impeachment of president.),"1,703,647","15,176",552,People & Blogs,2016
917,Boomerang,"3,050,764","3,939",290,Comedy,2005
918,【100万再生回数達成】★大阪人気ナンバーワンのエステサロン★1分間ポンポンするだけで究極リフトアップ,"1,017,738","3,326","2,277",People & Blogs,2017
919,MARIA MARIAH VOCÊ NÃO SAI DA MINHA CABEÇA (Clipe Oficial),"1,820,996","15,209",,Music,2024
920,"140"" Bushmaster tail dip","24,788,576","736,584",,People & Blogs,2024
921,Importance of hand signals while overtaking in ghats and foggy areas. #ridesafe #handsignals #bike,"22,826,019","815,933",,People & Blogs,2024
922,👂👂🫡 #اكسبلور #funny #cat #ضحك #memes #دويتو #ترند #kitten #fishing #رياكش #shorts #short,"25,185,099","684,225",,People & Blogs,2024
923,Racist Woman yelling and demanding to see a white doctor born in Canada.,"1,614,429","6,369","2,096",Comedy,2017
924,Remember the 80's ?,"3,293,594","1,481",89,Comedy,2006
925,Kobe dunks over Shaq in practice (funny),"12,649,333","4,492","1,247",Sports,2006
926,Groom forgets rings prank,"2,760,303","1,730",212,Entertainment,2016
927,$40 dollar poki bowl!!                    Gotta try this one #food #foodie #salmonlover,"16,295,169","983,740",,People & Blogs,2025
928,Koca Kalpli ARDA GÜLER ❤️,"26,787,697","634,428",,Entertainment,2024
929,think smarter not harder🤨#funnymemes #harvard #basketball #viralshorts #fyp #fypシ゚viral,"16,126,369","726,522",,People & Blogs,2024
930,"Хоккеистки России заставили смолкнуть трибуны, освистывающие российский гимн. Женский МЧМ-2017.","1,191,850","7,735",546,People & Blogs,2017
931,When the Cyberpunk 2077 combat music kicks in,"2,368,634","127,435",0,Comedy,2020
932,Tyler Childers - In Your Love (Official Video),"3,821,851","95,025",,Music,2023
933,Biker gets shot at after hitting the side view mirror #shocked #reels #shorts #shortsvideo #fyp #usa,"24,948,709","1,050,338",,Entertainment,2024
934,💥The best way to Discover Your Ideal Luxury Vehicle with AMIN! #car #luxurylifestyle #luxurycars,"25,592,660","745,991",,People & Blogs,2024
935,NO POMEGRANATES,"4,648,330","153,880","1,563",People & Blogs,2017
936,Jean-Claude Juncker drunk and bitch slaps leaders,"2,668,268","5,378",576,People & Blogs,2015
937,Lunchtime baby belly laughs,"575,200","5,231",150,Entertainment,2017
938,The megalodon-World's Biggest Shark,"13,893,527","8,744","5,157",Entertainment,2007
939,#corgi #petpet #lovepet #cutespets #cute #funny,"18,561,383","681,355",,People & Blogs,2024
940,Bro wake up and choose violence 🗿💀||#trending #shorts,"14,336,051","1,077,519",,People & Blogs,2024
941,FEDERAL AGENT RUINS HIS CAREER WITH ONE CRAZY MOVE,"34,390,670","1,310,073",,People & Blogs,2024
942,Caroline & Bonnie save Elena once again✨️ #vampirediaries #elenagilbert #ninadobrev #ian #shortsfeed,"17,308,836","652,646",,People & Blogs,2024
943,Big Bang Theory - Why Sheldon does not celebrate christmas,"1,684,744","4,911",135,Comedy,2010
944,Why athletes should wear pants,"17,802,747","2,935","46,151",Sports,2008
945,Sold Pupper Dance,"1,712,611","38,836",434,People & Blogs,2017
946,Ken Lee or Without you by Mariah Carey (ENGLISH SUBTITLES),"18,308,842","28,127","1,491",Entertainment,2008
947,HSMFanNisa Exclusive:High School Musical 2 Song(s)With Lyric,"7,352,624","2,538",256,Music,2007
948,Parents attending the art show.#shorts #viralvideos #show,"12,386,186","929,034",,Film & Animation,2024
949,Dexter for the Justice of his children. | Twin Tribes - Monolith (slowed + reverb),"20,227,916","1,285,687",,People & Blogs,2024
950,"""Гитлер 1945 / Навальный 2018"" — МОЖЕМ ПОВТОРИТЬ!","2,282,062","15,180","178,042",People & Blogs,2017
951,Star Wars but every time someone shoots a laser it speeds up,"5,535,360","89,869","5,731",Film & Animation,2016
952,That awkward moment when Hugh Jackman remembers he taught you at school,"6,602,771","118,797",840,Entertainment,2013
953,Comedian Hits on Hecklers Girlfriend,"5,260,834","6,870","1,032",Comedy,2007
954,2016 MAMA 王大陸 大平台,"1,735,464","2,708","4,760",People & Blogs,2016
955,S.Pri Noir - 7 vies (Clip Officiel) ft. RK,"185,304","13,026",111,Music,2021
956,r/place meteor,"770,494","26,094",0,Gaming,2022
957,nE !?,"1,276,617","11,184",,Music,2024
958,Ishq Hai,"2,821,667","43,311",,Music,2024
959,ROSONES TITO DP,"1,245,576","14,025",,Music,2024
960,Fooled them all... 🤯💀#troll #trollface #edit,"22,321,344","1,572,540",,Entertainment,2024
961,Cocky Fighter blinks and gets KO'd on TUF 24,"3,451,065","16,886","1,227",Sports,2016
962,Sleeping Beauty Proposal,"2,419,418","27,748",200,Comedy,2020
963,Ridiculous editing,"573,270","3,569",260,People & Blogs,2017
964,Proof we're getting old pt.3 💔,"27,663,643","1,459,636",,Entertainment,2024
965,bro can't lose haha!.#stake  #cabrzy #roulette  #shorts #short #viral #casino #slots,"14,837,506","1,312,159",,People & Blogs,2024
966,Lo mas tierno de Hoy #respetoanimal #shortsviral,"29,166,229","414,778",,People & Blogs,2024
967,# #foryou #movie,"10,184,724","1,206,753",,People & Blogs,2024
968,bro's adrenaline rushed at right time #shortsfeed #gain97 #adernaline#trending#viral #youtubeshorts,"15,910,827","831,070",,Entertainment,2024
969,Kurdish KANGAL vs.American Pitbull Terrier Dog Fight 2008,"8,066,421","1,267","5,689",Pets & Animals,2008
970,Нападение байкеров на машину! (с неожиданным концом!),"15,766,889","15,639","2,200",People & Blogs,2014
971,Average Guy vs Football Players,"2,281,850","12,245",421,Sports,2010
972,Seth Rogen Laugh + Cantina Song = Nightmares,"9,244,302","76,823","2,393",Entertainment,2014
973,Piccola - Piccola (Official Fan Video),"1,650,882","4,499",189,Music,2017
974,Kiss Guy (YAYO Sanchez) plays Monkeywrench w/ Foo Fighters Austin TX 4-18-18,"5,463,878","40,430",745,Music,2018
975,Dalek Relaxation Tape,"1,879,731","19,392",252,Entertainment,2012
976,Cat Burns - go (Lyric Video) ft. Sam Smith,"772,111","26,700",,Music,2022
977,Angry pedestrian gets instant karma,"9,628,813","133,087","4,086",Entertainment,2017
978,ECKO - MUJER (Official Video),"1,611,367","73,686","4,244",,2020
979,Жизнь пластиковой бутылки,"2,061,290","2,432",387,People & Blogs,2017
980,German Shepherd suddenly realizes he is at the vet,"7,053,186","71,435","1,980",People & Blogs,2014
981,Tafel stürzt beinahe auf Dozenten | TU München | Elektrotechnik,"2,184,618","39,566","1,147",People & Blogs,2017
982,DIESEL LOUIE,"1,605,558","1,035",52,Autos & Vehicles,2007
983,FloRida - Right Round (VinylRockerz Remix),"3,334,348","3,889",471,Music,2009
984,Zigle Zigle,"532,977","4,213",,Music,2024
985,Cantona VS Supporter,"3,694,102","5,186",465,Sports,2011
986,Popping a Balloon in an Anechoic Chamber,"6,356,385","32,310","6,821",Science & Technology,2015
987,The Biggest Tourbillon Wristwatch - Maximus by Kerbedanz in Limited Edition,"324,725","5,456",136,People & Blogs,2017
988,Star Wars Crosswalk 🦺🦺🦺,"15,515,651","800,567",,Education,2024
989,Med Cezir,"1,184,183","13,883",,Music,2024
990,I ate the Farburger#movie #shorts,"12,720,992","1,080,964",,People & Blogs,2024
991,Please tell me I did a good job 🥹❤️ #art,"14,310,073","801,435",,People & Blogs,2024
992,“I know what I’m doing.” Famous last words! | #TheRookie,"64,992,299","1,615,193",,Film & Animation,2024
993,Samsung mocking Apple 😂💀 #blowup #apple #samsung #edit,"35,508,692","2,324,673",,People & Blogs,2024
994,다이소에서 산 장난감,"29,754,253","960,096",,Pets & Animals,2025
995,"Rihanna ""Cry""","32,695,896","47,735","1,456",Music,2007
996,New Champ Kayn/Rhaast Leak for LOL (Moobeat credit me you derro),"847,249","1,857",173,People & Blogs,2017
997,Ford Mustang Launch (street),"1,001,605","2,214",27,Autos & Vehicles,2008
998,Eminem is gay - The Interview,"2,718,939","43,492",0,Entertainment,2014
999,Yakuza OST - Baka Mitai (ばかみたい) Kiryu full version,"52,890,986","850,425",0,Gaming,2017
1000,What a Twist #memes #shorts #movie,"11,637,337","938,043",,Gaming,2024
